index,rank,state,iret,seconds
1,275,12345672121232,12311593,1.261332
2,291,12345672123212,11802855,1.164448
3,435,12345672321212,12391692,1.134644
4,547,12345673131323,11966795,1.098639
5,555,12345673132313,14161672,1.275825
6,627,12345673231313,13762153,1.255949
7,729,12345761111111,8289706,0.765549
8,1463,12346571111231,6133322,0.594615
9,2207,12346751113133,8542648,0.812420
10,2928,12347561112212,7820054,0.802880
11,3645,12347651111111,12973784,1.213511
12,3681,12347651122112,8024645,0.750029
13,3723,12347651133311,7314124,0.681806
14,3892,12347652111221,6590775,0.672538
15,3938,12347652123233,7798236,0.765045
16,3941,12347652123332,9610963,0.915311
17,4019,12347652223232,7274355,0.704541
18,4133,12347653111133,7765748,0.720144
19,4198,12347653132223,6640771,0.622036
20,4201,12347653132322,6489297,0.752505
21,4363,12347653332323,7312948,0.721262
22,4374,12354671111111,9150914,0.866199
23,5119,12354761112323,12111288,1.202445
24,5373,12354762121112,8621970,0.832599
25,5376,12354762121211,9370650,0.857136
26,5509,12354762311123,7040317,0.670123
27,5645,12354763131131,7844412,0.789257
28,5661,12354763133111,7128057,0.688894
29,5671,12354763211123,8348224,0.785473
30,5852,12356471113133,7542280,0.723225
31,6635,12356741133131,10229902,0.980308
32,6743,12356741313131,10650373,0.997490
33,7067,12356743113131,10713834,1.131047
34,7294,12357461111222,8267841,0.872967
35,7316,12357461113331,7955058,0.792498
36,7614,12357462211112,8194651,0.773429
37,8045,12357641113331,7719449,0.758363
38,8760,12364571112212,8607196,0.804118
39,9489,12364751112212,7375771,0.710424
40,9497,12364751113133,7755799,0.766733
41,10127,12364753311131,7445418,0.758963
42,10206,12365471111111,9139998,0.876139
43,10288,12365471211122,7741434,0.732359
44,10386,12365471313113,6410575,0.665821
45,10580,12365472223232,7174581,0.709245
46,10643,12365472321233,8286122,0.842009
47,10842,12365473232312,6520092,0.635597
48,10924,12365473332323,6543844,0.656439
49,10961,12365741113331,7799411,0.762466
50,11717,12367451123333,11507049,1.061209
51,11731,12367451132222,10485703,1.082467
52,11771,12367451213333,11161165,1.067048
53,11839,12367451312222,13648472,1.194913
54,11933,12367452113333,12340279,1.117904
55,12163,12367453112222,11124431,1.011183
56,12405,12367541112212,9649553,0.882075
57,12419,12367541113331,11058991,0.984624
58,12611,12367541331131,7079323,0.756145
59,13152,12374561121212,10674339,0.962029
60,13206,12374561211212,10510305,0.976791
61,13368,12374562111212,12477225,1.104568
62,13855,12374651111222,8644163,0.815734
63,14584,12375461111222,8352874,0.881818
64,15327,12375641113112,7891566,0.767044
65,16042,12376451111222,8795834,0.802315
66,16058,12376451113133,8399836,0.830986
67,16149,12376451221211,7242744,0.739564
68,16783,12376541112323,8756600,0.794601
69,16916,12376541232233,10365512,0.934605
70,16970,12376541322233,7183268,0.703210
71,17042,12376542121232,7996549,0.779327
72,17058,12376542123212,7374769,0.681959
73,17327,12376543133132,6444731,0.722593
74,17330,12376543133231,6407361,0.708167
75,24127,12456731132321,11686583,1.106990
76,24214,12456731233223,6936635,0.666258
77,24676,12456733223321,6982296,0.675552
78,27113,12463751231231,7377126,0.809055
79,29215,12467351131121,7382923,0.802366
80,29302,12467351231321,6394985,0.686684
81,30682,12473561132123,7028144,0.751262
82,37195,12536741112323,7569894,0.744508
83,38133,12537461332112,7050185,0.717231
84,39366,12543671111111,9398739,0.893858
85,39450,12543671211212,7323920,0.716354
86,39582,12543671331113,6719330,0.769581
87,39637,12543672121121,6860575,0.678221
88,39806,12543672321332,7090333,0.704081
89,39812,12543672322232,6871572,0.683691
90,39830,12543672331232,6515026,0.682076
91,39860,12543673111331,6694828,0.666494
92,39967,12543673221323,7017794,0.703689
93,39991,12543673231223,6717511,0.667635
94,40012,12543673233323,8531174,0.866920
95,40940,12546371221331,6998267,0.841107
96,44040,12563472131213,8705935,0.929488
97,44283,12563473131212,8159397,0.892451
98,46621,12564733323122,6698835,0.862448
99,48023,12567433232333,6959750,0.741011
100,51610,12576343212221,8580804,0.929445
101,55467,12637451132111,8234533,0.902794
102,55629,12637451332112,6180499,0.677515
103,57058,12643571321321,6798902,0.732476
104,58375,12645371131121,7629347,0.846888
105,66800,12673542331133,9419728,0.963475
106,70000,12734561112323,7527301,0.762638
107,70187,12734561322233,6637142,0.713988
108,70411,12734562313223,6362065,0.622353
109,76545,12745631111111,22250057,1.962705
110,76789,12745632111122,7318404,0.739580
111,76881,12745632212213,8634570,0.845948
112,76909,12745632222221,7016460,0.730935
113,76935,12745632232211,8344312,0.936964
114,77087,12745633131131,7821207,0.771060
115,77217,12745633313312,6844713,0.665157
116,77219,12745633313333,7296549,0.852225
117,77244,12745633323311,6933364,0.666607
118,79117,12753462231323,7820945,0.755004
119,83552,12763452322232,7057846,0.687345
120,87027,12765432121313,7938205,0.748088
121,87114,12765432222212,12012419,1.091674
122,87267,12765433121213,9005232,0.902307
123,87461,12765433331333,8228686,0.840775
124,87669,13245671321111,7955968,0.753938
125,88938,13246571111111,10056924,1.120443
126,88952,13246571112233,6768633,0.719994
127,88961,13246571113232,10493633,1.172343
128,89378,13246572321332,7950503,0.785194
129,89402,13246572331232,7184050,0.772189
130,89537,13246573221233,7428316,0.753528
131,89617,13246573321223,7572079,0.766464
132,89985,13246752133211,9233251,0.920806
133,90974,13247563212131,8230680,0.792688
134,92786,13254761322233,7831118,0.783337
135,92797,13254761323322,6727337,0.749695
136,93020,13254762321233,9304222,0.876235
137,93277,13254763323122,7961334,0.772409
138,95513,13257641112233,6838929,0.759398
139,98431,13265741112323,11301395,1.186982
140,98718,13265742131312,9656709,0.949727
141,99183,13267451122211,8396770,0.809473
142,99308,13267451311133,7041513,0.690528
143,99875,13267541111132,8963974,0.879630
144,100020,13267541232212,8178426,0.793668
145,101347,13274651112323,9975617,0.900511
146,102074,13275461112233,7526691,0.760939
147,102648,13275463213211,7442471,0.702270
148,102803,13275641112233,9093969,0.887405
149,102805,13275641112323,11310521,1.057934
150,103094,13275642131333,8577917,0.838977
151,103369,13275643212221,9184699,0.852877
152,103539,13276451113211,9879784,1.059566
153,103673,13276451233133,9831347,0.892900
154,104320,13276541133122,7295801,0.740308
155,104352,13276541213312,9802161,0.935004
156,104437,13276541321123,7318129,0.718315
157,104451,13276541322311,9422088,0.988380
158,104454,13276541323112,6156879,0.606918
159,104461,13276541323322,6423928,0.612337
160,104703,13276542323312,7332335,0.717310
161,104941,13276543323122,7088905,0.711977
162,113724,13462571111111,7908009,0.835886
163,114072,13462572213311,6581433,0.639394
164,125469,13527461211113,7850371,0.788754
165,126986,13542671231231,6277923,0.636516
166,128406,13546271213213,7022074,0.678973
167,128444,13546271231231,9050465,0.868659
168,128500,13546271321321,7778361,0.748918
169,136361,13572641122133,9988590,0.939569
170,138684,13576241312213,9742661,0.873062
171,138706,13576241321321,7817392,0.813927
172,143109,13627451332112,6968157,0.669923
173,144454,13642571221223,9266481,0.985712
174,144472,13642571223221,9248822,0.880763
175,144940,13642573221221,10482719,0.969498
176,145916,13645271221331,6507533,0.646978
177,147987,13647521111111,7625836,0.751823
178,156022,13675241112323,8348833,0.805583
179,156471,13675242331313,7510065,0.768618
180,160121,13725642332132,7723689,0.773013
181,167965,13754262123323,14892237,1.334266
182,170782,13762451321321,6516003,0.670753
183,172131,13764251211311,5988048,0.589548
184,172499,13764252323231,6931254,0.669551
185,174504,13765422121211,9282745,0.905679
186,184492,14263751131121,6991891,0.900623
187,186820,14267351321321,7075196,0.850322
188,190963,14275633323122,7540607,0.735506
189,192456,14325671111111,25834263,2.202372
190,192709,14325672112121,6852788,0.693790
191,192841,14325672231323,7092434,0.674772
192,192910,14325672323222,6920249,0.653802
193,192992,14325673123232,7074045,0.667096
194,193094,14325673232333,6644049,0.634326
195,193106,14325673311131,8051837,0.783565
196,196401,14327652131213,7710866,0.740541
197,196617,14327653121213,8199877,0.802755
198,197163,14352672212111,7383524,0.735677
199,199033,14356721112323,7676202,0.769892
200,199220,14356721322233,8975458,0.955564
201,204566,14367252322232,7104390,0.795919
202,205497,14367523311113,12487304,1.119524
203,210228,14523672121313,7926871,0.716164
204,210471,14523673121312,9562917,0.849726
205,213630,14527631121311,7351717,0.683991
206,213654,14527631131211,7082444,0.757236
207,213675,14527631133311,6842253,0.669312
208,213680,14527631211131,7738768,0.752097
209,213760,14527631311121,7632460,0.749916
210,213879,14527632122213,7705527,0.738401
211,213930,14527632212111,7831152,0.828703
212,214082,14527632333332,9216526,0.856982
213,214153,14527633132322,7149647,0.696285
214,214256,14527633312133,7368956,0.835030
215,216438,14536273311311,8240470,0.770964
216,218356,14537622231323,7273008,0.711182
217,220612,14563272323222,6709780,0.648260
218,221790,14567231312213,9750111,0.905469
219,221806,14567231321123,8327044,0.796936
220,224766,14573261333111,7945403,0.777898
221,229635,14625731111111,9931152,1.054537
222,229690,14625731131121,7887126,0.750381
223,229838,14625731322233,7109254,0.716712
224,229888,14625732112121,7468517,0.879080
225,229903,14625732113321,8330936,0.846786
226,229984,14625732213323,7029984,0.726864
227,230031,14625732233111,7734882,0.805048
228,230193,14625733133111,6964827,0.755835
229,231822,14632571111111,12159629,1.220043
230,232013,14632571321132,7175655,0.795098
231,237608,14652733321331,7754421,0.880866
232,242028,14673251111111,9689392,1.009198
233,245676,14723651111213,7020484,0.728815
234,245679,14723651111312,8928157,0.896431
235,245684,14723651112131,7076334,0.708352
236,245692,14723651113121,6783124,0.695390
237,245757,14723651211212,6457612,0.642873
238,246115,14723652322121,6019830,0.624906
239,246137,14723652331232,7425453,0.751530
240,246307,14723653232222,6746216,0.685256
241,246339,14723653313111,6996451,0.727014
242,246354,14723653321313,8561261,0.873447
243,246402,14725361111111,8034974,0.780722
244,246403,14725361111123,6999013,0.686337
245,246608,14725361322332,7513189,0.893935
246,246727,14725362211121,8700156,0.845083
247,246972,14725363211213,6794122,0.705479
248,246988,14725363213121,6585446,0.732411
249,247017,14725363223213,6926160,0.746299
250,247050,14725363311113,8863027,0.984432
251,248716,14726531223122,7714758,0.823106
252,248734,14726531232122,7726705,0.813271
253,248748,14726531233313,6881842,0.732920
254,248829,14726531333312,6404329,0.803979
255,248982,14726532232313,7957933,0.830457
256,249283,14726533323122,6731745,0.667301
257,251613,14735621221112,6947582,0.732308
258,251631,14735621223113,6412447,0.741667
259,251639,14735621223332,10151170,0.945224
260,251658,14735621233112,8543178,0.810224
261,251712,14735621323112,8130705,0.805839
262,251730,14735621332112,6299218,0.601532
263,251739,14735621333111,6719475,0.642685
264,251743,14735621333222,6296570,0.609034
265,252236,14736251111132,7524271,0.713512
266,252251,14736251112332,6926748,0.650282
267,252841,14736253222223,7015308,0.666102
268,253030,14736521132222,7602791,0.701065
269,253037,14736521133131,7496582,0.739466
270,253047,14736521211212,7187403,0.748413
271,253070,14736521213333,7358101,0.783397
272,253077,14736521221313,7608456,0.815973
273,253157,14736521321231,10298500,1.231934
274,253166,14736521322233,6866778,0.784398
275,253189,14736521332121,8648780,0.907774
276,253462,14736523112222,7643447,0.846498
277,253469,14736523113131,7204689,0.766484
278,254296,14752363222121,6620795,0.685087
279,254326,14752363232222,8523565,0.882000
280,254333,14752363233131,7587367,0.789346
281,254421,14752631111111,9412158,1.084830
282,254436,14752631112311,7808945,0.824435
283,254632,14752631323223,6921523,0.753656
284,254891,14752632332132,6689835,0.852217
285,255010,14752633213223,6814234,0.755350
286,255028,14752633222223,7265845,0.827520
287,255034,14752633223123,7034849,0.792115
288,255038,14752633223231,7632845,0.850995
289,255258,14753261221112,6886891,0.873107
290,255357,14753261323112,8546703,0.876712
291,255384,14753261333111,6901453,0.678012
292,258182,14762351221331,7916394,0.768917
293,258260,14762351321231,8495542,0.808850
294,258286,14762351331221,6490592,0.662997
295,259636,14763251221223,12167735,1.124015
296,259647,14763251222312,11302628,1.102129
297,259757,14763251332331,10670310,1.078930
298,259759,14763251333123,10081022,0.941044
299,259966,14763252322121,9776366,0.967728
300,260078,14763253132232,9603603,0.887583
301,260084,14763253133132,9594818,0.906646
302,260086,14763253133222,10399707,1.003651
303,260087,14763253133231,10062868,1.001310
304,260122,14763253221221,9678739,0.880854
305,260127,14763253222112,11098010,1.031051
306,260274,14763521113211,7647424,0.733250
307,260275,14763521113223,6990069,0.666515
308,260864,14763523222331,5897472,0.606669
309,260985,14765231111213,7564391,0.758842
310,260988,14765231111312,7889505,0.769442
311,260993,14765231112131,7370314,0.774060
312,261001,14765231113121,6741884,0.741657
313,261056,14765231133131,6811231,0.657066
314,261309,14765232211211,6949009,0.678266
315,261376,14765232232322,6892163,0.651305
316,261447,14765232331313,6904549,0.668310
317,261488,14765233113131,6513087,0.624637
318,261683,14765233323332,6952063,0.670388
319,263898,15236471111111,8931566,0.829862
320,264520,15236473231121,6224802,0.646385
321,267034,15243671331221,6990804,0.705641
322,268496,15246371331332,9634360,0.874029
323,268505,15246371332331,9323146,0.849346
324,268739,15246372331331,9210854,0.866590
325,274959,15267431223113,7017952,0.666660
326,276307,15273641112323,8722054,0.809676
327,280446,15324673113311,11989511,1.049482
328,284397,15342671211311,5987863,0.582518
329,285964,15346271321321,6417136,0.640839
330,292410,15367421211113,8511107,0.784959
331,292455,15367421223113,6345879,0.607633
332,292897,15367423211123,7361861,0.683520
333,298890,15426371111111,7912225,0.734152
334,298904,15426371112233,6975638,0.657225
335,307818,15463271313113,7760698,0.886786
336,317406,15624732123212,9468425,0.856176
337,317436,15624732133313,7891092,0.754269
338,317600,15624732333332,7410888,0.697098
339,318699,15627431223113,6347259,0.613808
340,318771,15627431322113,8702927,0.808459
341,318798,15627431332112,6470104,0.613100
342,321785,15634722123332,10066826,0.918717
343,321926,15634722321233,7303820,0.689751
344,323515,15637423211123,8211551,0.758708
345,323676,15642371111111,16771395,1.579633
346,324024,15642372213311,7188692,0.695015
347,324062,15642372231332,7408657,0.692312
348,324142,15642372331322,6898874,0.691926
349,324258,15642373212311,7046382,0.697393
350,324277,15642373221323,7475148,0.689989
351,324301,15642373231223,8456276,0.777410
352,325250,15643271221331,6806720,0.659958
353,325354,15643271331221,7222914,0.709601
354,325746,15643273223111,6400706,0.638864
355,327182,15647233213232,6391615,0.631525
356,328073,15672341113232,8257376,0.779054
357,328257,15672341323112,6547352,0.653893
358,328506,15672342323312,7533448,0.770926
359,328640,15672343213232,6396140,0.639511
360,329438,15672433312133,9033358,0.842764
361,334217,15724362212132,8724789,0.799597
362,334611,15724631111111,8184429,0.781044
363,334698,15724631211311,6664932,0.738842
364,334814,15724631322233,7530018,0.730185
365,334904,15724632123233,9419863,0.908150
366,335038,15724632313223,6967626,0.700330
367,335066,15724632323231,7731601,0.776298
368,335069,15724632323333,7677806,0.765407
369,335167,15724633132322,6455299,0.648268
370,339448,15734622331223,7720546,0.764043
371,344817,15746321111111,10314056,1.122632
372,345027,15746321323211,6167512,0.652723
373,345240,15746322313112,5791645,0.710498
374,345828,15762342122213,10737752,0.993421
375,347004,15763241111111,9158379,0.881478
376,347456,15763242323132,6558459,0.679424
377,354359,16243571132132,6533610,0.684686
378,354434,16243571231231,7050806,0.743075
379,354490,16243571321321,6756861,0.758224
380,355892,16245371231231,7308454,0.815592
381,361516,16254733312223,12636163,1.265471
382,362376,16257431132111,7438453,0.808782
383,362926,16257433223123,6304903,0.803337
384,363809,16273541122133,10682855,1.001868
385,363967,16273541321321,9441142,0.916122
386,366132,16275341312213,8896763,0.836718
387,366484,16275343122221,7286775,0.707986
388,370970,16327453232333,6839802,0.662236
389,372010,16342571331221,7228313,0.682899
390,373248,16345271111111,15637841,1.347695
391,373322,16345271133131,7042418,0.664355
392,373365,16345271222111,7686260,0.712268
393,373694,16345272322232,7426498,0.705566
394,373728,16345272333212,6760470,0.647933
395,373777,16345273122323,8244033,0.766180
396,373894,16345273233323,8845813,0.812618
397,375009,16347252131312,9978976,0.903600
398,375225,16347253121312,9442928,0.969456
399,379935,16357421223113,7290662,0.746268
400,382741,16374521112323,7715307,0.775463
401,383293,16374523211123,6868369,0.661790
402,385165,16423572112121,8184328,0.783264
403,388644,16427531211311,6568136,0.632941
404,388699,16427531231321,7247885,0.730499
405,389039,16427532333233,11943609,1.144888
406,395118,16453271111111,9912569,0.920491
407,395199,16453271211113,6621436,0.680210
408,395363,16453272111131,6695295,0.681855
409,401505,16475233132313,9872318,0.895991
410,403126,16523473332323,6791014,0.715700
411,403149,16523741112212,7955700,0.835270
412,404607,16524731112212,9190272,0.871935
413,404609,16524731112233,7896281,0.730971
414,404615,16524731113133,7813776,0.724680
415,405324,16527341111111,7763094,0.719625
416,406106,16527431123333,11517466,1.010346
417,406172,16527431222132,11971954,1.062093
418,406228,16527431312222,12988646,1.119482
419,406290,16527431333213,10283313,0.909112
420,406322,16527432113333,10434662,0.928612
421,406384,16527432211322,12042233,1.046360
422,406432,16527432231122,10826449,0.971914
423,406439,16527432231332,10333196,0.962271
424,406519,16527432331322,11041224,0.964452
425,406530,16527432333113,10748329,0.952642
426,406712,16527433312133,10546736,1.012465
427,406786,16532471111222,8815919,0.871148
428,408240,16534271111111,8712539,0.852859
429,408242,16534271111132,6501186,0.659338
430,408807,16534273211111,8168960,0.850133
431,409537,16534723211123,10677391,0.936827
432,410431,16537421111222,7202204,0.666756
433,410452,16537421113322,7269944,0.675877
434,410453,16537421113331,7650401,0.745031
435,410553,16537421223113,6347337,0.723189
436,410580,16537421233112,8929122,0.868835
437,410652,16537421332112,6431529,0.740056
438,411272,16542371221331,6050217,0.610044
439,411376,16542371331221,6704560,0.772092
440,411416,16542372112331,9335305,0.870078
441,412726,16543271221223,12774313,1.141912
442,412744,16543271223221,9513802,0.873356
443,412838,16543271331332,10312085,0.959094
444,412847,16543271332331,10412929,0.964506
445,413081,16543272331331,9640415,0.905936
446,413212,16543273221221,10280829,0.965208
447,413343,16543721111111,7953856,0.770479
448,413364,16543721113211,6518701,0.655412
449,414790,16547233332323,7499242,0.731873
450,414827,16547321113331,9391176,0.986477
451,416259,16572431111111,9000591,0.902124
452,416848,16572433213223,6474768,0.676430
453,417034,16573241123123,7570580,0.713893
454,417165,16573241312312,6813323,0.657276
455,418466,16574231113133,7994483,0.801160
456,419942,16723451122133,8019114,0.795478
457,420108,16723451322311,7104593,0.708897
458,423582,16725431121311,6788170,0.637015
459,423606,16725431131211,7006227,0.663950
460,423631,16725431211122,7068918,0.671863
461,423632,16725431211131,8692073,0.842237
462,423712,16725431311121,6569940,0.642047
463,423874,16725432211121,7778846,0.745082
464,423940,16725432232223,6829062,0.651716
465,424059,16725433113311,7000225,0.666098
466,424074,16725433122212,6610099,0.641929
467,424274,16725433333232,6288883,0.597898
468,427476,16735242122213,9461607,0.890369
469,429045,16742352232313,8428185,0.791044
470,430564,16743252323222,6895784,0.654099
471,431844,16745232121313,8074976,0.832473
472,431851,16745232122222,7506698,0.697714
473,432084,16745233121213,7415291,0.702245
474,432294,16745233333313,10745158,0.961215
475,434592,16753241221112,8184255,0.751993
476,444690,17246351111111,7732035,0.741021
477,454659,17265433111313,11768570,1.189703
478,454984,17324561211323,8133530,0.766176
479,455048,17324561232332,5924842,0.591557
480,458145,17326452212111,12502142,1.121557
481,466656,17356241212313,6025391,0.592046
482,466892,17356242211331,9551295,0.999048
483,468105,17362451211311,5916253,0.640095
484,468160,17362451231321,6650787,0.656013
485,468366,17362452213311,10228775,1.002505
486,469616,17364251231231,7938215,0.804297
487,473711,17423653213232,6731151,0.765527
488,474615,17425631122112,7229119,0.771274
489,474705,17425631223113,6484759,0.816760
490,474759,17425631313113,7032965,0.851680
491,474777,17425631322113,8276504,0.910578
492,474785,17425631322332,9726065,0.922166
493,474786,17425631323112,8371355,0.945208
494,474790,17425631323223,6812058,0.816465
495,474804,17425631332112,6647868,0.718400
496,476051,17426531112233,7221427,0.893293
497,476067,17426531121212,8137597,0.790083
498,476106,17426531132312,7964876,0.784909
499,476137,17426531213123,8679090,0.828504
500,476167,17426531223221,6389347,0.654445
501,476186,17426531232233,10150194,0.989940
502,476219,17426531313131,8167130,0.807631
503,476261,17426531331332,6703577,0.676503
504,476310,17426532121211,7426668,0.747039
505,476504,17426532331331,7356084,0.719114
506,479279,17435622211133,9749253,0.900148
507,479521,17435623211123,10501909,0.957536
508,480623,17436521323232,6407433,0.623502
509,481730,17452363213232,6462783,0.662263
510,481826,17452363322132,6507818,0.644209
511,482459,17452633213232,8349872,0.800820
512,482924,17453262211133,7412031,0.743325
513,485862,17462352213311,7706840,0.780068
514,487008,17463251122112,7138864,0.817077
515,487088,17463251221331,6020768,0.648134
516,487152,17463251313113,6930899,0.690821
517,487166,17463251321231,7486327,0.727770
518,487179,17463251323112,8542069,0.837850
519,487192,17463251331221,6394219,0.770116
520,493588,17526431131121,7182103,0.773190
521,493675,17526431231321,7565514,0.783068
522,493826,17526432123233,10011924,0.994466
523,500094,17543261111111,10212196,1.023002
524,500157,17543261132111,6502854,0.663324
525,516861,17642531111111,7708372,0.771623
526,516875,17642531112233,9254755,1.000875
527,517521,17642533312211,6585872,0.689579
528,517626,17643251122112,7802297,0.795472
529,524880,21345671111111,9611935,0.907415
530,525985,21345762223322,11494230,1.075752
531,526030,21345762312323,9080846,1.020426
532,526036,21345762313223,8164411,0.824866
533,526325,21345763332233,8760082,0.864461
534,527497,21346752313322,9769708,1.012356
535,528217,21347562312323,12225296,1.363490
536,529290,21354671122112,7132406,0.791234
537,529314,21354671131313,8789496,0.932527
538,529362,21354671221112,7254214,0.816209
539,529660,21354672311123,8037454,0.923046
540,529661,21354672311132,8811737,0.891488
541,529680,21354672313211,24939615,2.281733
542,529794,21354673131113,8744421,0.892750
543,529997,21354761112233,7458032,0.740157
544,529998,21354761112311,6960882,0.754678
545,530004,21354761113211,7722023,0.888923
546,530008,21354761113322,7068471,0.711836
547,530022,21354761122211,9270837,0.875560
548,530061,21354761133311,7778767,0.746642
549,530331,21354762213311,6510699,0.649366
550,530643,21354763312211,6955734,0.678814
551,532575,21357462311111,9636552,0.938465
552,532763,21357463213331,8915767,1.026401
553,533252,21357642221132,9290750,1.110511
554,534762,21364752311111,8339598,0.976234
555,534936,21364753212212,7854325,0.878778
556,536172,21365742221312,6808674,0.774392
557,536236,21365742312323,8239254,0.883805
558,536714,21367451311331,7062896,0.765673
559,536796,21367452112112,6936821,0.723246
560,539452,21374653333121,7727046,0.772009
561,539879,21375462312233,7572439,0.820135
562,540183,21375463333211,8212967,0.809060
563,541648,21376541111123,7409970,0.711191
564,541662,21376541112311,7154448,0.722447
565,541686,21376541122211,9731448,0.906305
566,541703,21376541131133,7575993,0.718428
567,550585,21457631321123,10100942,0.922075
568,556206,21473563331312,9031670,0.826517
569,562421,21536742222131,8899485,0.819378
570,587959,21654372231323,7826267,0.779473
571,587977,21654372233321,7146549,0.746049
572,588286,21654373332122,7034162,0.686452
573,588289,21654373332221,6982816,0.784081
574,595883,21734652123131,6860939,0.698068
575,615566,23147562123131,9932291,0.927035
576,616021,23147651112323,8193713,0.835938
577,616426,23147652312323,7142289,0.826556
578,618311,23156471222132,7680530,0.880983
579,618428,23156471333132,6507432,0.707963
580,618893,23156473323332,7222989,0.812421
581,619793,23157461231333,8147759,0.869752
582,619948,23157462131123,10164821,1.234524
583,621695,23164573213133,8146474,0.893936
584,622140,23164752131312,7774807,0.857263
585,622563,23164753333313,7566938,0.842567
586,622566,23165471111111,8220714,0.874775
587,622730,23165471311133,7429767,0.793130
588,622739,23165471312132,6911677,0.743056
589,622810,23165472111122,7756162,0.914464
590,622817,23165472111332,6634131,0.816819
591,622880,23165472132332,7632059,0.736968
592,622971,23165472311111,7104380,0.807072
593,623209,23165473233221,8409439,0.866906
594,623311,23165741112323,10307596,1.014611
595,623436,23165741231312,9379252,0.908038
596,623585,23165742123131,9303659,0.954354
597,623599,23165742131321,11467045,1.120503
598,623600,23165742131333,13410929,1.404151
599,623716,23165742312323,9281771,0.847502
600,624003,23165743331312,13447578,1.248213
601,624913,23167541233322,7800425,0.793755
602,625054,23167542131222,7717402,0.774909
603,626501,23174652123131,8073737,0.740461
604,627511,23175463211222,8434572,0.765012
605,628708,23176452132221,7765644,0.726466
606,629114,23176453332233,8263400,0.767847
607,632316,23416752121211,10444687,0.986227
608,633403,23417563232123,6899169,0.674031
609,636272,23456173212332,6005958,0.580494
610,636328,23456173233122,7667499,0.750674
611,637001,23456713212332,6245478,0.613785
612,644706,23475162121112,9783182,0.921493
613,650573,23517462131333,10530698,0.949162
614,664522,23576412233321,6967650,0.671845
615,664540,23576412312323,6688934,0.648239
616,676782,23657142121112,10602029,0.935949
617,678257,23671452122333,14594082,1.363249
618,680065,23674153232321,6313667,0.741953
619,691156,23751461132123,6031013,0.582680
620,691594,23751463112321,6098203,0.621987
621,694619,23756143222331,7614967,0.849989
622,694860,23756411222312,9419168,0.884957
623,695340,23756413222112,9846586,0.915103
624,695355,23756413223312,9442489,0.863120
625,695427,23756413322312,9887404,0.892923
626,704651,24153672321233,7732031,0.753309
627,707313,24157361313212,7055174,0.733788
628,707580,24157362323111,6952980,0.694241
629,712058,24167353132232,10215736,0.954103
630,714146,24173652323231,6436023,0.647947
631,717990,24315673311311,12201224,1.258995
632,718108,24315761122322,8484554,0.993188
633,718414,24315762213323,7744538,0.865705
634,721803,24351671212211,9719236,0.995319
635,722198,24351673111133,9891043,0.993759
636,722364,24351673311311,11450615,1.241904
637,722440,24351761111123,11721197,1.118155
638,722534,24351761212232,8272182,0.780530
639,729936,24367511323112,8649233,0.796693
640,730216,24367513111121,6468837,0.655485
641,734464,24376512222122,10617554,1.082278
642,737415,24516732233111,7901112,0.816844
643,739738,24531673123121,8843057,0.881319
644,742019,24536713231232,7876331,0.798915
645,743479,24537613231322,10236445,0.998708
646,743825,24561372111131,7716791,0.812894
647,745797,24563711121212,9809038,0.945362
648,746042,24563712121232,9886753,0.933319
649,746284,24563713121222,12677833,1.272739
650,748308,24571362221213,9141541,0.948740
651,748713,24571631121212,9115096,0.903804
652,753803,24615371112332,7320713,0.810037
653,754134,24615372213311,13878916,1.337596
654,754557,24615731122313,9632863,1.021985
655,754586,24615731132333,13196790,1.256838
656,754765,24615732111323,11648365,1.194616
657,754863,24615732213311,7948756,0.838437
658,754918,24615732233321,9448693,1.079014
659,755026,24615733113323,13574388,1.323590
660,755164,24615733311122,8289356,0.878059
661,756376,24617532233321,10542518,1.001748
662,760754,24637512311132,9878509,0.933872
663,761827,24651731113223,7712070,0.727182
664,762047,24651731333333,6944874,0.757726
665,771938,24715363311332,8319372,0.797693
666,772011,24715631111111,8774821,0.853560
667,772048,24715631122121,8716312,0.809642
668,772049,24715631122133,7017594,0.651808
669,772438,24715632313223,6362909,0.623002
670,772506,24715633112111,6260998,0.622386
671,772553,24715633131131,8494384,0.802289
672,773924,24716532323231,9864218,0.918957
673,774198,24731561111111,12264208,1.106691
674,774608,24731562311231,7138883,0.702511
675,778211,24736512222332,10262904,0.934836
676,778928,24751362221231,12701899,1.194611
677,779004,24751362321113,15305810,1.355932
678,783787,24761531221223,9934169,0.981275
679,784404,24763151111111,8188748,0.902659
680,787194,24765313222112,8371971,0.882864
681,787723,25134672233321,6908744,0.666982
682,787741,25134672312323,6635721,0.627508
683,787746,25134672313211,8892764,0.814758
684,790236,25137461111111,8940110,0.938952
685,790324,25137461211323,6155319,0.631220
686,796813,25163741112323,8140886,0.912874
687,805308,25314673111313,16601050,1.594564
688,805310,25314673111331,15862007,1.629884
689,805362,25314673131311,16398781,1.538869
690,809700,25341673113311,13701993,1.230391
691,810346,25341762313223,11588658,1.081866
692,815432,25364172311231,12642405,1.152030
693,815639,25364173223231,5979953,0.579644
694,817291,25367411211122,8460602,0.799824
695,822762,25413672323111,12730079,1.298447
696,823558,25413763121222,8850705,0.886509
697,829041,25436711311313,7478426,0.906866
698,829162,25436712123122,6955054,0.802431
699,829169,25436712123332,7704363,0.763483
700,829180,25436712132122,7620970,0.736018
701,829328,25436712323231,6949843,0.718745
702,829510,25436713232321,7474008,0.727846
703,829585,25436713332122,7088959,0.688469
704,833831,25463713212332,7854018,0.869607
705,835886,25471362323132,7408732,0.803446
706,836337,25471631312213,11152493,1.172330
707,845002,25631741212121,13671084,1.418567
708,847049,25634713321232,8613363,0.969692
709,848657,25641371213132,8316353,0.902966
710,859781,25714632123131,8871098,0.971851
711,859868,25714632223331,7870530,1.125417
712,859917,25714632313211,22004736,2.179205
713,860012,25714633121333,8601648,0.909491
714,861043,25716431212223,8285442,0.826134
715,861564,25716433223213,7819434,0.758937
716,862797,25731642232211,13760115,1.309072
717,863487,25734162221111,7804398,0.907299
718,864376,25734613113323,10573461,1.017284
719,864595,25736141111123,9385767,1.011998
720,864752,25736141233232,8894882,0.922725
721,865395,25736411133113,8480525,0.838520
722,865465,25736411231321,7653692,0.817748
723,865518,25736411321312,6526582,0.628698
724,865539,25736411331113,8101707,0.765645
725,865854,25736413123112,6801478,0.658103
726,866196,25741361232113,9401863,0.872562
727,867148,25741632222323,7936008,0.748357
728,867202,25741632312323,7160005,0.703574
729,868397,25743611233232,7414781,0.712816
730,872255,25763142223133,9021021,0.828138
731,872845,25763411332322,6845771,0.682022
732,877297,26135742132221,8557999,0.819722
733,877336,26135742213323,7887735,0.854657
734,877461,26135742332312,8156450,0.795504
735,883585,26153471122121,8032240,0.783901
736,884090,26153473131131,7290768,0.748857
737,884098,26153473132121,7112105,0.812145
738,885477,26154372332213,15807813,1.448167
739,892028,26175432331133,8723694,0.824907
740,895305,26317451212211,12658673,1.299654
741,898983,26345711223113,5901736,0.585243
742,905913,26371453112111,6950123,0.673230
743,912184,26415731322323,6847863,0.670331
744,912253,26415732121223,6818000,0.670692
745,912382,26415732233321,8452729,0.815389
746,916714,26435712222122,12494466,1.131961
747,916756,26435712233321,9235686,0.902419
748,916760,26435712311132,8811043,0.884092
749,916801,26435712322322,11628155,1.091556
750,917002,26435713311122,8701217,0.879252
751,917075,26435713333133,10583273,1.052150
752,918096,26437512122312,7767208,0.778984
753,920324,26453172211133,8593013,0.827058
754,920969,26453711333333,7736438,0.805042
755,927325,26513471122121,8195044,0.872168
756,930930,26517343333313,9981496,0.955466
757,934575,26534713333313,10711026,0.967192
758,937494,26543171111111,8106310,0.839833
759,937539,26543171123111,6578210,0.711976
760,940228,26547313131323,10690595,1.061018
761,943305,26573413331312,8831566,0.994117
762,947063,26714531212133,8553481,0.958703
763,947243,26714532121133,9242901,1.001200
764,949057,26715433231322,7881374,0.761520
765,953676,26741351232113,6833717,0.686212
766,955994,26743512121232,10680226,1.086739
767,962336,27134561131133,7921381,0.812299
768,973622,27154632311132,7120467,0.773143
769,980931,27314652313211,8661874,0.841689
770,996978,27365412321212,10313827,1.106699
771,999270,27415363131113,9985453,0.905050
772,999914,27415632323231,8538970,0.792862
773,1000141,27415633321322,10535342,0.951583
774,1001237,27416532133232,7101978,0.663514
775,1001597,27416533321232,8624904,0.800668
776,1004116,27435612122222,7663998,0.704966
777,1007523,27453161123111,6329084,0.609736
778,1007541,27453161132111,7427364,0.703363
779,1009489,27456133132223,8065276,0.916270
780,1017684,27516341111111,7797533,0.714942
781,1020600,27534161111111,7756616,0.712679
782,1020601,27534161111123,10308076,0.908047
783,1021005,27534162311111,7182731,0.724433
784,1021736,27534612311132,8403030,0.821288
785,1023261,27536412332312,7774480,0.735494
786,1025704,27543611111123,9120858,0.828297
787,1025705,27543611111132,6478881,0.623701
788,1027540,27546312231122,13679971,1.318541
789,1033715,27613543333133,10006825,0.904025
790,1034378,27614353311332,8686995,0.874693
791,1036088,27615431312333,9459311,0.883211
792,1036177,27615432113321,10005842,1.001655
793,1036578,27615433313213,6957357,0.647434
794,1038881,27634511131133,7804588,0.729053
795,1039228,27634512233321,7307318,0.695916
796,1043852,27643513311233,11328914,1.018700
797,1052607,31246753312211,9654486,0.891833
798,1053428,31247651113232,6949105,0.670556
799,1053617,31247651323232,8203539,0.782191
800,1055731,31256471231222,7778488,0.833592
801,1057414,31257462222221,9265024,0.907927
802,1057470,31257462312311,7669823,0.703841
803,1058428,31257643311122,8061814,0.772136
804,1058790,31264572122213,7938248,0.722639
805,1059063,31264573132313,7636300,0.704409
806,1059115,31264573222223,7843130,0.701421
807,1059544,31264752132122,7896399,0.758794
808,1059661,31264752313121,8406122,0.765395
809,1059966,31265471111111,9985957,0.892510
810,1060002,31265471122112,7017519,0.652617
811,1060004,31265471122133,8030877,0.727285
812,1060140,31265471312213,7135520,0.657361
813,1060146,31265471313113,6625654,0.644638
814,1060155,31265471321111,6244620,0.605093
815,1060369,31265472233321,10014195,0.896723
816,1060385,31265472312233,7135090,0.661066
817,1060856,31265741233331,9869776,0.857645
818,1062518,31267542222233,9231063,0.830128
819,1062578,31267542313133,10010261,0.863580
820,1064354,31275461112233,10173200,0.895188
821,1064543,31275461322233,10272167,0.886807
822,1064658,31275462133211,8574655,0.770492
823,1064712,31275462223211,8613544,0.870192
824,1064748,31275462311213,9035311,0.812616
825,1064757,31275462312212,9123639,0.810367
826,1064989,31275463311122,9812963,0.891573
827,1066120,31276452133322,7070402,0.658056
828,1066227,31276452313313,8314878,0.759583
829,1071840,31452671323211,5879997,0.597718
830,1071860,31452671332232,6234283,0.591873
831,1072079,31452672322331,6264097,0.607766
832,1074064,31456722111221,7872383,0.720866
833,1076733,31462751111111,8427212,0.765158
834,1076758,31462751113322,7243353,0.669835
835,1082039,31475261322233,7572233,0.706045
836,1082301,31475262331313,9063732,0.835812
837,1082317,31475262333221,7535711,0.715350
838,1085464,31524673332122,10686470,0.939737
839,1089109,31527643332122,6307826,0.604964
840,1095291,31564272212111,12076797,1.071433
841,1095306,31564272213311,7005746,0.642843
842,1095468,31564273113311,7651412,0.724792
843,1097912,31572461122133,7801897,0.717099
844,1102991,31624751112233,6638150,0.621570
845,1103637,31624753312211,6509699,0.611574
846,1105523,31627452221333,10046332,0.888932
847,1112884,31654272313322,11013509,0.954242
848,1130896,31754621331122,9685332,0.861460
849,1136224,31765242322121,9463093,0.849829
850,1137240,32145671111111,13266082,1.120047
851,1137293,32145671123333,7647502,0.745658
852,1137307,32145671132222,7170824,0.670926
853,1137348,32145671221112,7689807,0.720728
854,1137482,32145671333333,7630953,0.702556
855,1137509,32145672113333,7190015,0.671409
856,1137577,32145672212222,7286286,0.668546
857,1137739,32145673112222,6502961,0.617073
858,1137888,32145673311113,7427394,0.706554
859,1139578,32146751232323,7385837,0.689815
860,1139818,32146752232223,9081511,0.832367
861,1140583,32147562313223,6512247,0.607230
862,1140638,32147562333233,11666993,1.028187
863,1140938,32147651123333,11382742,0.989285
864,1140952,32147651132222,10380298,0.920943
865,1140992,32147651213333,11734216,1.013465
866,1141060,32147651312222,10805321,0.938905
867,1141154,32147652113333,10518844,0.909158
868,1141271,32147652231332,10195660,0.984187
869,1141284,32147652233213,13440393,1.275328
870,1141351,32147652331322,11060319,0.965968
871,1141356,32147652332213,13005324,1.107044
872,1141384,32147653112222,10591746,0.942720
873,1143072,32156471111111,8493136,0.772866
874,1143093,32156471113211,6754598,0.643989
875,1143224,32156471232332,6220896,0.588071
876,1143494,32156472312332,6568020,0.659139
877,1143542,32156472332132,6468466,0.629425
878,1143547,32156472332321,7109254,0.714448
879,1143557,32156472333332,7354237,0.685116
880,1143685,32156473223123,6034856,0.573245
881,1143817,32156741112323,12334760,1.075132
882,1144207,32156742311123,6644779,0.623581
883,1144228,32156742313223,7877088,0.722387
884,1144280,32156742333131,6669901,0.640853
885,1145410,32157641232323,7427871,0.674617
886,1145644,32157642231323,7483971,0.689469
887,1145988,32164571111111,9245228,0.841363
888,1145993,32164571111231,6436996,0.606713
889,1146139,32164571232323,6625003,0.659686
890,1146379,32164572232223,7890312,0.730229
891,1146381,32164572232313,7874568,0.733584
892,1146391,32164572233321,7686494,0.706451
893,1146409,32164572312323,7416780,0.684896
894,1146684,32164573323212,7015789,0.660394
895,1148175,32165741111111,11104605,0.968705
896,1148177,32165741111132,7154343,0.667987
897,1148332,32165741233223,6875493,0.652918
898,1148499,32165742211112,9009647,0.794951
899,1148634,32165742331112,6624227,0.745600
900,1148825,32165743311131,7016305,0.646658
901,1148904,32167451111111,9289631,0.850967
902,1149011,32167451213333,7399860,0.747328
903,1149025,32167451222222,7108249,0.658623
904,1149079,32167451312222,7062118,0.688772
905,1149138,32167451333111,6829234,0.647543
906,1149229,32167452211121,7304062,0.666657
907,1149513,32167453222313,6301419,0.603783
908,1149578,32167453313333,7289645,0.780137
909,1149584,32167453321232,7186168,0.663466
910,1150378,32174561112323,9010375,0.810032
911,1150506,32174561232113,9394520,0.837474
912,1150511,32174561232233,8302865,0.769087
913,1150743,32174562231212,7527942,0.706731
914,1151513,32174652312332,6452276,0.621892
915,1151561,32174652332132,6583273,0.622794
916,1151820,32175461111111,9528691,0.862545
917,1151838,32175461113112,6597890,0.611382
918,1151928,32175461221112,6822380,0.642706
919,1152054,32175461333111,7041778,0.668546
920,1152216,32175462233111,7432325,0.686064
921,1152241,32175462312323,9881941,0.937815
922,1157440,32416753121222,11658620,1.168323
923,1157920,32417562113321,11154686,0.995592
924,1158689,32417652132131,6881679,0.647748
925,1158931,32417653132121,5976325,0.667948
926,1160299,32451762331121,6095018,0.589543
927,1161152,32456173212332,7822275,0.713849
928,1161452,32456711233133,14793099,1.273990
929,1165195,32465172112121,7555393,0.702647
930,1165250,32465172132131,6191445,0.583174
931,1165258,32465172133121,6482106,0.633802
932,1165417,32465172332321,7251822,0.808145
933,1165474,32465173123121,6797964,0.674440
934,1165492,32465173132121,6995466,0.660004
935,1165500,32465173133111,7569275,0.701846
936,1165585,32465173233221,8098658,0.862982
937,1169467,32475161232323,8265396,0.770469
938,1170022,32475163331222,8490680,0.785794
939,1172138,32476513232231,7187241,0.663898
940,1175694,32517463131311,11664585,1.023238
941,1179489,32546713323212,7861584,0.724837
942,1180278,32547611121113,7300181,0.678200
943,1180305,32547611131112,6776520,0.643916
944,1180350,32547611213111,6929059,0.655384
945,1180422,32547611312111,7256074,0.700784
946,1180500,32547612111311,7054436,0.664801
947,1180740,32547613111211,6927034,0.645638
948,1181000,32561471113133,7966873,0.724865
949,1181013,32561471121311,7144264,0.665536
950,1181019,32561471122211,7724268,0.723536
951,1181037,32561471131211,7210584,0.669248
952,1181063,32561471211131,9138470,0.827908
953,1181143,32561471311121,7310269,0.769349
954,1181301,32561472133313,6931955,0.650811
955,1181323,32561472213122,6905965,0.649879
956,1181587,32561473222223,6539671,0.614244
957,1181676,32561473323212,6630404,0.616577
958,1184908,32567412122222,7614326,0.705428
959,1184928,32567412131312,9426122,0.847063
960,1184988,32567412222212,11584130,1.022448
961,1185168,32567413131212,7479262,0.685685
962,1185191,32567413133333,9164286,0.835144
963,1188697,32576142313223,7471578,0.707365
964,1191898,32615473332122,7701108,0.716155
965,1197334,32647152133121,8776193,0.789748
966,1197568,32647153132121,6020716,0.581010
967,1198229,32647512333233,12209819,1.041725
968,1201908,32657143121213,9196081,0.839230
969,1202367,32657412111212,9036955,0.821481
970,1203387,32671453123313,9462789,0.834683
971,1204577,32674152113333,10929921,1.050781
972,1208423,32714652332132,6967715,0.661822
973,1210431,32716452123212,10426990,0.900542
974,1212360,32741651121311,9551832,0.856239
975,1212384,32741651131211,7550891,0.776499
976,1212410,32741651211131,7029066,0.666301
977,1212490,32741651311121,7307578,0.873940
978,1212570,32741652111113,7702555,0.904308
979,1212813,32741653111112,7694256,0.812034
980,1213919,32745611223332,6720832,0.725472
981,1214215,32745612313322,7825948,0.808463
982,1214234,32745612322331,6551853,0.665539
983,1217381,32751643321232,8092742,0.797749
984,1217998,32754163211123,6964027,0.729438
985,1219042,32756141233121,8280280,0.827218
986,1220622,32761452121313,7689426,0.789060
987,1220629,32761452122222,8171951,0.894499
988,1220709,32761452222212,7658742,0.743391
989,1220865,32761453121312,10718543,1.025190
990,1220912,32761453133333,7830086,0.736437
991,1224004,32765411112221,7596041,0.804480
992,1224018,32765411121113,6890805,0.713638
993,1224045,32765411131112,6572874,0.660870
994,1224063,32765411133113,7187039,0.731344
995,1224207,32765411331113,7180320,0.756502
996,1224348,32765412221312,6829914,0.671540
997,1224445,32765412323222,7100422,0.674620
998,1224516,32765413122212,6521492,0.663244
999,1224609,32765413223312,6476140,0.758848
1000,1224616,32765413231223,7699755,0.765665
1001,1224681,32765413322312,6399708,0.736228
1002,1225020,34125672131213,7357323,1.005447
1003,1225023,34125672131312,8182947,0.966903
1004,1225075,34125672221222,7670165,0.978083
1005,1225286,34125673133333,8409918,1.032260
1006,1228392,34127651121113,6865679,0.882869
1007,1228419,34127651131112,6782462,0.870109
1008,1228464,34127651213111,6970306,0.717564
1009,1228536,34127651312111,7281316,0.699527
1010,1228614,34127652111311,6841581,0.667612
1011,1228854,34127653111211,6896461,0.723061
1012,1234506,34162752132212,14024054,1.212084
1013,1234938,34165271112212,8385504,0.780041
1014,1234959,34165271121311,7755589,0.752253
1015,1234983,34165271131211,7264161,0.805733
1016,1235009,34165271211131,8923956,0.835073
1017,1235089,34165271311121,6816357,0.773108
1018,1235090,34165271311133,7501807,0.805471
1019,1235384,34165272323333,6993251,0.682067
1020,1235490,34165273133312,8768500,0.842520
1021,1235536,34165273222322,6276330,0.603134
1022,1235576,34165273311131,6891800,0.671345
1023,1236733,34167252213323,8005254,0.756199
1024,1238156,34172562132332,7917687,0.753064
1025,1238273,34172562313331,8474095,0.824070
1026,1239980,34175263321232,8131847,0.788789
1027,1244017,34216572213122,10943169,1.034563
1028,1251272,34261572132131,6148575,0.595012
1029,1251280,34261572133121,6453756,0.632398
1030,1251496,34261573123121,6595281,0.639647
1031,1253486,34265712212132,10263519,0.932481
1032,1256970,34275161312213,7686897,0.726164
1033,1257055,34275162112322,7398839,0.714885
1034,1257142,34275162213221,8132843,0.776574
1035,1261170,34516271111111,7955523,0.848550
1036,1261592,34516272312332,8698816,0.796965
1037,1262326,34516722313223,9757526,0.880671
1038,1263742,34517622231323,8154716,0.770926
1039,1264460,34521672223232,7548678,0.796689
1040,1266909,34526713232312,6960771,0.702580
1041,1268062,34527612211322,11473057,1.144434
1042,1268110,34527612231122,11169616,1.177196
1043,1268117,34527612231332,12250539,1.176381
1044,1268197,34527612331322,11165295,1.087896
1045,1268390,34527613312133,11368239,1.101458
1046,1268740,34561272122123,10627811,0.982635
1047,1268746,34561272122321,11094795,1.019572
1048,1268796,34561272212213,13477977,1.193180
1049,1268803,34561272213122,11027386,0.980469
1050,1268850,34561272232211,13026682,1.180965
1051,1269059,34561273221233,10533803,1.005755
1052,1269101,34561273233131,10433327,1.017894
1053,1269113,34561273311233,10931795,0.993425
1054,1269133,34561273313321,12464589,1.113053
1055,1269137,34561273321133,11367982,1.144471
1056,1269139,34561273321223,10687842,1.061325
1057,1269189,34561721111111,8620315,0.927551
1058,1270107,34562171321111,6950451,0.695363
1059,1270112,34562171321231,6787043,0.679765
1060,1270311,34562172232313,8968105,0.874771
1061,1272479,34567212223232,8796593,0.951394
1062,1280370,34617252111212,9648665,0.917902
1063,1280415,34617252123212,9558419,0.898129
1064,1280433,34617252132212,10210652,0.988157
1065,1281212,34617522221333,9092762,0.859787
1066,1281890,34621572132131,7194286,0.712522
1067,1283286,34625172111212,10329209,0.966626
1068,1285620,34627512232313,7269018,0.706733
1069,1286001,34651271123111,7098383,0.702795
1070,1286426,34651272332132,6775753,0.743770
1071,1294336,34675212222122,10557017,1.023335
1072,1296514,34715262221123,10370653,0.950105
1073,1298721,34716522223211,9225660,0.880468
1074,1300083,34721652121313,9894152,1.032711
1075,1300107,34721652131213,8962940,0.833207
1076,1300162,34721652221222,10020205,0.996202
1077,1300170,34721652222212,9416057,0.912091
1078,1300533,34721653333313,8846819,0.835977
1079,1301358,34725611212211,7845555,0.865801
1080,1301508,34725612111113,6756801,0.740930
1081,1301542,34725612121322,7813287,0.788013
1082,1301646,34725612231212,7832011,0.759061
1083,1301651,34725612231332,6867083,0.693701
1084,1301711,34725612322232,7336851,0.709227
1085,1301731,34725612331322,7246934,0.701626
1086,1301751,34725613111112,7425802,0.710869
1087,1301753,34725613111133,7207788,0.703022
1088,1301818,34725613132223,7249614,0.717099
1089,1301913,34725613311113,7228819,0.692515
1090,1308280,34761252323222,6840347,0.747415
1091,1314534,35126741232212,8671050,0.846081
1092,1314770,35126742231233,8641305,0.979495
1093,1315583,35127462331331,9105521,0.860244
1094,1321232,35162472122231,6899980,0.754960
1095,1321241,35162472123233,8824503,1.063435
1096,1321474,35162473122221,6787249,0.764297
1097,1321643,35162473323131,6907513,0.774463
1098,1321660,35162473332122,7674812,0.874409
1099,1321661,35162473332131,6842098,0.768817
1100,1322026,35162742213323,8900127,0.965588
1101,1324173,35167242132212,8697953,0.968528
1102,1325473,35172461232323,8258246,0.917840
1103,1327124,35174262213131,10357760,1.097404
1104,1327158,35174262231113,9118309,1.095740
1105,1335528,35246171111111,7702577,0.837994
1106,1335553,35246171113322,6693301,0.727887
1107,1335876,35246172213311,7457741,0.840839
1108,1341491,35267141223233,6312896,0.851692
1109,1341551,35267141321132,13187231,1.364372
1110,1343021,35271461322233,6842394,0.769473
1111,1349397,35416721113112,6831781,0.772128
1112,1350012,35416723232213,9231323,0.964966
1113,1351208,35417622223133,10002638,1.038336
1114,1354052,35426712131132,7654022,0.943325
1115,1354164,35426712311312,6775520,0.760343
1116,1354245,35426713111313,8119384,0.885026
1117,1354293,35426713131113,7356563,0.814875
1118,1354413,35426713312211,7757606,0.844812
1119,1355945,35461271111231,7954988,0.838078
1120,1356134,35461271321231,6778044,0.809819
1121,1356307,35461272222323,7037382,0.825717
1122,1357458,35462171131313,7531048,0.846284
1123,1357489,35462171212121,7887451,0.963972
1124,1357510,35462171221223,6487829,0.726401
1125,1357631,35462171332331,7270058,0.785672
1126,1357746,35462172213311,7763489,0.861187
1127,1357775,35462172223331,7083702,0.766322
1128,1357814,35462172312131,6868063,0.724182
1129,1357932,35462173123211,7210925,0.717643
1130,1357944,35462173131311,8050988,0.800459
1131,1357996,35462173221221,7749425,0.795671
1132,1358575,35462712322322,8647692,0.791197
1133,1362381,35472163222313,7058507,0.868425
1134,1362400,35472163231322,7821011,0.845302
1135,1363581,35476122221111,8017120,0.873669
1136,1367312,35614722321233,8361437,0.814265
1137,1368881,35617423131332,7618578,0.762894
1138,1371524,35624712121232,10825075,1.041373
1139,1371684,35624712321212,12601802,1.309176
1140,1371689,35624712321332,10594829,1.036621
1141,1371713,35624712331232,10681011,1.123682
1142,1384864,35714623111322,9222745,1.011394
1143,1387641,35721642221213,14184261,1.470021
1144,1397124,35762142222113,8530775,0.870036
1145,1401146,36125471111333,7326203,0.805092
1146,1401228,36125471212112,10368278,1.153767
1147,1401237,36125471213111,6698055,0.818234
1148,1401255,36125471222111,10553203,1.077645
1149,1401309,36125471312111,7042993,0.714162
1150,1401387,36125472111311,6670371,0.654556
1151,1401412,36125472121223,6395938,0.657339
1152,1401627,36125473111211,7172538,0.845097
1153,1401772,36125473232222,7844733,0.742394
1154,1401836,36125473323233,7586180,0.724227
1155,1402478,36125743222331,12191215,1.108239
1156,1402834,36127451333222,6581867,0.669601
1157,1405795,36145272122222,8929987,0.821595
1158,1405812,36145272131213,11613779,1.046368
1159,1405815,36145272131312,7939771,0.736080
1160,1406238,36145273333313,9144235,0.818654
1161,1407003,36147251121311,7542421,0.735557
1162,1407027,36147251131211,7903036,0.832592
1163,1407053,36147251211131,8221095,0.758401
1164,1407133,36147251311121,6881752,0.655442
1165,1407213,36147252111113,8792790,0.809482
1166,1407456,36147253111112,7380963,0.697317
1167,1409298,36152741231312,9753442,0.881663
1168,1409461,36152742131321,8605153,0.897860
1169,1413119,36172452133133,10315820,0.924283
1170,1420397,36217452131333,10007661,0.911599
1171,1420953,36217541223311,5891296,0.586266
1172,1421406,36217543213112,6206712,0.653188
1173,1422134,36241573212332,6492812,0.642684
1174,1422861,36241753212311,7533158,0.859627
1175,1436421,36415272123212,9284551,0.842929
1176,1438611,36417522123311,8339979,0.800799
1177,1453959,36514272212111,11569782,1.056005
1178,1456810,36521472113321,8146044,0.743632
1179,1457002,36521472331121,6860973,0.656555
1180,1460243,36527411131133,6915860,0.658751
1181,1460430,36527412111113,6813604,0.649551
1182,1460488,36527412131222,8001199,0.867785
1183,1460518,36527412211322,8074331,0.744934
1184,1460544,36527412221312,7012773,0.666315
1185,1460566,36527412231122,7087897,0.691658
1186,1460633,36527412322232,7201353,0.678167
1187,1460673,36527413111112,7189073,0.687937
1188,1460841,36527413311311,6736087,0.661310
1189,1461370,36541272323222,6766482,0.749530
1190,1463380,36542712121322,10482804,0.935300
1191,1464837,36547212121313,8840560,0.826968
1192,1464844,36547212122222,9367740,0.843545
1193,1464864,36547212131312,9412787,0.857867
1194,1464916,36547212221222,8930144,0.833450
1195,1465271,36547213331333,8047640,0.765940
1196,1470663,36712542121112,10907840,0.984403
1197,1470664,36712542121121,10219353,0.944065
1198,1470666,36712542121211,12024987,1.058355
1199,1470672,36712542122111,10773970,0.980692
1200,1471513,36714252232223,7031955,0.670109
1201,1471995,36714521232113,9707314,0.941182
1202,1472128,36714522121322,9650336,0.923375
1203,1472133,36714522122213,7820485,0.738346
1204,1472404,36714523132223,7953464,0.811691
1205,1472407,36714523132322,7801835,0.744338
1206,1474100,36721451131331,6860982,0.665538
1207,1474315,36721452121322,7849645,0.746212
1208,1474318,36721452122123,6542374,0.632808
1209,1474320,36721452122213,7844703,0.739885
1210,1474324,36721452122321,7330329,0.698494
1211,1474335,36721452131111,7252499,0.716328
1212,1474412,36721452223232,7018752,0.682802
1213,1474542,36721453113113,7626708,0.731768
1214,1474551,36721453121111,9266496,0.861066
1215,1477713,36725411121212,11587095,1.031611
1216,1477743,36725411131313,11622766,1.028003
1217,1477774,36725411212121,11657331,1.037527
1218,1477865,36725411313131,11704804,1.040972
1219,1477929,36725412111212,12551326,1.119018
1220,1477953,36725412121112,11597397,1.042090
1221,1477956,36725412121211,11942571,1.062992
1222,1477958,36725412121232,11657099,1.030647
1223,1477974,36725412123212,12348219,1.179059
1224,1478118,36725412321212,12145344,1.296969
1225,1478175,36725413111313,13377264,1.416996
1226,1478223,36725413131113,12023152,1.271010
1227,1478229,36725413131311,14047997,1.322239
1228,1478692,36741252122123,11743805,1.067832
1229,1478698,36741252122321,10966932,0.984241
1230,1478699,36741252122333,10590329,0.957241
1231,1478707,36741252123323,11336283,1.100132
1232,1479053,36741253233131,11179300,1.079921
1233,1482142,36745211211221,6390336,0.759863
1234,1482331,36745212121223,6666838,0.664975
1235,1482342,36745212122312,8331323,0.785109
1236,1482344,36745212122333,7080267,0.678735
1237,1482352,36745212123323,7956935,0.785845
1238,1482354,36745212131111,6690246,0.659715
1239,1482431,36745212223232,7028027,0.728319
1240,1482570,36745213121111,8629618,0.936325
1241,1482599,36745213131131,6563059,0.696542
1242,1482615,36745213133111,7201117,0.735047
1243,1482690,36745213232213,6870209,0.787384
1244,1483396,36751243222322,7197972,0.772955
1245,1484525,36752142122132,7678949,0.796353
1246,1484536,36752142123221,7192109,0.754162
1247,1484798,36752143132232,6396385,0.697133
1248,1484806,36752143133222,7789385,0.804714
1249,1484813,36752143211132,7267720,0.702790
1250,1486336,36754123232222,12494308,1.140773
1251,1512689,37246511112233,8808938,0.796984
1252,1516757,37256142321233,8284448,0.756342
1253,1524820,37415622333221,9325127,0.846974
1254,1530726,37426513132313,10702213,0.949298
1255,1532814,37452162323312,7697473,0.710536
1256,1543776,37516422333311,7308679,0.687401
1257,1552932,37561241311112,7099218,0.661626
1258,1557671,37612453122233,7199172,0.671707
1259,1558224,37612542221111,8450652,0.865656
1260,1558954,37614252221123,9196127,0.828737
1261,1559331,37614521111111,9676796,0.859211
1262,1559543,37614521323232,6305798,0.588182
1263,1559578,37614522111221,7148179,0.676372
1264,1559599,37614522113321,8123824,0.776490
1265,1559761,37614522313322,8466924,0.810807
1266,1559787,37614522323312,7097194,0.644939
1267,1559964,37614523232213,7996515,0.745744
1268,1560814,37615421113322,8929078,0.793246
1269,1561115,37615422211133,8874476,0.792776
1270,1561160,37615422223133,8992980,0.804845
1271,1561213,37615422313121,8364694,0.756672
1272,1561220,37615422313331,8980715,0.814361
1273,1561304,37615423121132,9491106,0.845429
1274,1563384,37624152311213,9201670,0.829347
1275,1563854,37624511232233,8320720,0.758452
1276,1563982,37624512121322,9606742,0.861472
1277,1564086,37624512231212,7425108,0.723133
1278,1564252,37624513131323,7912448,0.725071
1279,1564332,37624513231313,7715425,0.810736
1280,1566259,37641252222323,8178603,0.762929
1281,1567698,37642152213311,9610568,0.917592
1282,1568605,37642513122221,8265336,0.889596
1283,1569226,37645122312221,6977720,0.772177
1284,1570592,37651242211133,9957177,1.058888
1285,1571415,37651422312311,9366826,0.878176
1286,1571747,37652141113232,6752466,0.669389
1287,1572352,37652143231322,7625512,0.769573
1288,1574320,37654212311222,8791802,0.811898
1289,1577464,41236753232321,7445229,0.707113
1290,1577738,41237561313131,10474823,0.939228
1291,1584292,41263751312222,11320658,1.025191
1292,1592229,41325671212211,7605162,0.818431
1293,1593292,41325762313223,7067717,0.695663
1294,1593410,41325763131233,6761272,0.646440
1295,1596600,41352671212112,10544729,0.989325
1296,1596601,41352671212121,10873690,0.982386
1297,1596627,41352671222111,10936561,0.975368
1298,1600578,41357622313112,6064877,0.588741
1299,1604288,41367253111133,9962824,0.918927
1300,1614432,41532672313211,13395009,1.166024
1301,1614890,41532761233133,8902915,0.849830
1302,1620348,41563273113311,7981202,0.796540
1303,1626736,41576322212222,9827965,0.884686
1304,1629012,41625372313211,21217825,1.788592
1305,1629102,41625373121213,7462737,0.709456
1306,1629437,41625731222231,8676554,0.784844
1307,1633780,41635721212121,12731282,1.135352
1308,1639644,41657321222312,7983889,0.723200
1309,1642045,41673252212222,10373379,1.034083
1310,1642437,41673521111111,8457155,0.752522
1311,1645050,41723562313211,8079629,0.838159
1312,1646226,41725361232113,9128182,0.859522
1313,1646274,41725361321213,11011295,0.978404
1314,1646436,41725362221213,9424424,0.860487
1315,1646508,41725362313211,10198151,0.906560
1316,1646509,41725362313223,10235208,0.931561
1317,1646599,41725363121222,8781081,0.796087
1318,1646600,41725363121231,8406475,0.771590
1319,1646811,41725631111111,10084902,0.910464
1320,1646893,41725631211122,7837063,0.722129
1321,1647260,41725632322331,6853947,0.648591
1322,1647299,41725633111133,7413130,0.697689
1323,1647325,41725633121123,7146621,0.781689
1324,1647378,41725633211111,8178313,0.754879
1325,1647970,41726352313322,7780388,0.731010
1326,1648688,41726532312233,9656594,0.905275
1327,1650669,41735261323313,9675032,0.908598
1328,1650875,41735262312233,9080491,0.819907
1329,1650991,41735263123223,7304791,0.694446
1330,1651343,41735621233232,7578353,0.708604
1331,1651615,41735622313322,8867972,0.799985
1332,1652801,41736521233232,9094438,0.844556
1333,1653116,41736522332231,7054475,0.653585
1334,1654219,41752631222123,6672985,0.633206
1335,1654507,41752632311123,7309374,0.722807
1336,1654522,41752632312323,6718823,0.647919
1337,1654527,41752632313211,25205225,2.101569
1338,1656480,41756231321213,10545741,0.918059
1339,1656806,41756233121231,8229098,0.766068
1340,1658834,41762532221333,9186800,0.843890
1341,1659014,41762533123331,8439905,0.785120
1342,1660820,41765231233232,7494708,0.698171
1343,1661748,41765322221312,6820970,0.650226
1344,1661817,41765322313211,14712819,1.271502
1345,1661916,41765323122212,7191341,0.686392
1346,1664610,42136752131312,9781755,0.872062
1347,1665089,42137561123333,9244878,0.842054
1348,1666289,42137653122131,6988627,0.661077
1349,1666315,42137653132121,5892351,0.567880
1350,1670767,42157633231322,9298584,0.827867
1351,1671627,42163751121212,10758396,0.992284
1352,1672939,42165373223123,5844655,0.592255
1353,1674818,42167532131333,10042516,0.907053
1354,1680111,42315673112111,6273792,0.625871
1355,1684083,42351671212211,9079051,0.848746
1356,1685342,42351763231133,13300224,1.162858
1357,1691767,42367153111121,6432478,0.640050
1358,1691848,42367153211123,7060131,0.664327
1359,1698966,42516372233111,8800727,0.798946
1360,1707283,42561733323122,6220802,0.617763
1361,1712876,42573612323231,7731514,0.723316
1362,1713110,42573613322231,7166698,0.668572
1363,1715034,42613572313211,8068445,0.745784
1364,1716254,42615371313332,12945392,1.106301
1365,1716414,42615372213311,10319959,0.911389
1366,1716420,42615372221213,9421472,0.856821
1367,1716492,42615372313211,10520814,0.936714
1368,1723704,42651372213311,6836287,0.663323
1369,1724734,42651733311122,8601574,0.794024
1370,1730306,42673512232133,9444020,0.853885
1371,1742018,42751632321233,9166454,0.813502
1372,1742036,42751632323231,7325095,0.693596
1373,1751379,43126572133313,9880011,0.914039
1374,1761411,43167251232212,8340733,0.749177
1375,1765928,43176252123131,6951314,0.668169
1376,1766045,43176252311132,7394155,0.720230
1377,1769104,43216573132121,6163183,0.631233
1378,1769107,43216573132223,6905648,0.644825
1379,1769136,43216573212311,6773882,0.664420
1380,1769138,43216573212332,9741569,0.865948
1381,1784780,43512671313332,7802167,0.733293
1382,1793032,43527612312323,6574194,0.620227
1383,1793340,43561271111111,7417316,0.690518
1384,1797997,43571262122222,9476453,0.861210
1385,1799172,43572161111111,8864060,0.794664
1386,1800322,43572612312323,7777333,0.727070
1387,1801408,43576211123222,8264146,0.752101
1388,1801616,43576212112232,10378213,0.928161
1389,1803786,43615271333312,7031543,0.666829
1390,1803814,43615272113321,7805664,0.735338
1391,1805863,43617521223221,10246792,1.002142
1392,1807540,43621752213323,10283209,1.026171
1393,1812017,43651722323132,7480532,0.707257
1394,1818487,43675122222122,11708798,1.042909
1395,1818971,43675211221331,7859767,0.717333
1396,1825314,43721653231313,9024010,0.810560
1397,1829598,43751623123313,9122885,0.910032
1398,1836712,43765212222122,11445114,1.023334
1399,1850162,45167323322231,7518194,0.694649
1400,1853178,45176231131313,16209255,1.389027
1401,1853190,45176231133113,16167285,1.453960
1402,1853334,45176231331113,15699470,1.322391
1403,1853658,45176233131113,16643224,1.421234
1404,1853903,45176321131133,13753143,1.184198
1405,1854928,45213672221123,8751319,0.802192
1406,1869517,45273162222122,10150531,0.945367
1407,1870670,45276131131133,12010370,1.043461
1408,1872195,45312671222312,6589993,0.620496
1409,1872449,45312672223331,7348621,0.672711
1410,1872475,45312672233321,6875781,0.630705
1411,1872498,45312672313211,21605540,1.831276
1412,1872627,45312673132313,11804560,1.083704
1413,1872675,45312673222112,6554401,0.610832
1414,1872699,45312673231313,11650164,1.031615
1415,1872822,45312761113211,7557113,0.700892
1416,1872879,45312761133311,7214211,0.669677
1417,1873152,45312762221111,8844984,0.803930
1418,1873206,45312762311111,7246069,0.680689
1419,1876539,45321671212211,7909871,0.740237
1420,1876555,45321671221121,7906572,0.719219
1421,1876956,45321673113311,13117175,1.222420
1422,1880458,45327612222323,8447032,0.765747
1423,1883290,45362712122222,10033320,0.926504
1424,1884107,45367122223133,8585291,0.845555
1425,1884467,45367211111132,7625322,0.780871
1426,1884547,45367211211122,8070895,0.829446
1427,1884953,45367213111133,8192922,0.880088
1428,1888166,45376121131133,12697769,1.248594
1429,1888332,45376121331311,9292323,0.975782
1430,1889074,45376211333123,7522382,0.973249
1431,1889386,45376213131323,11929471,1.343750
1432,1889566,45376213333322,6967298,0.715921
1433,1889644,45612371133221,7914205,0.741387
1434,1890028,45612372331121,6680866,0.630948
1435,1890068,45612373112231,6854405,0.636032
1436,1890118,45612373132121,6543326,0.636396
1437,1890121,45612373132223,7211396,0.684987
1438,1890252,45612373322111,6328998,0.597104
1439,1890280,45612373332122,6747668,0.674069
1440,1890283,45612373332221,6802171,0.655641
1441,1891246,45613271331221,7718550,0.751737
1442,1891422,45613272233111,9716788,0.863686
1443,1894481,45621373123331,8497116,0.762552
1444,1894509,45621373211111,10607289,1.048807
1445,1895005,45621732212123,8846503,0.793181
1446,1895075,45621732233333,8479530,0.773341
1447,1896598,45623712332123,6218388,0.585474
1448,1896820,45623713322321,5958674,0.578027
1449,1901782,45637123132121,6850262,0.673171
1450,1901944,45637123332122,6003262,0.596153
1451,1902758,45671231132231,6096974,0.625016
1452,1903187,45671233112132,6555093,0.619471
1453,1906670,45673212212132,7886543,0.739851
1454,1906906,45673213211222,8057274,0.731927
1455,1909865,45713623223132,6489457,0.607471
1456,1912119,45721363321313,7544037,0.680356
1457,1912127,45721363322231,7280917,0.662699
1458,1918402,45732612233321,6557295,0.615653
1459,1918767,45736121122211,10660410,0.946105
1460,1924560,46123571111111,7972530,0.723826
1461,1925191,46123573232123,9764741,0.866512
1462,1926982,46125731333123,7850205,0.733394
1463,1927536,46127351131313,9854629,0.870929
1464,1927781,46127352131333,11085458,0.988011
1465,1928023,46127353131323,11911968,1.024472
1466,1930713,46135272133313,9301161,0.843881
1467,1935308,46153273131131,11256653,1.057079
1468,1936949,46157233333232,6864079,0.649626
1469,1937174,46157321331233,8205192,0.762029
1470,1943788,46215372121223,7263920,0.703265
1471,1943940,46215372313211,12588357,1.100361
1472,1954046,46257132211133,8940546,0.799858
1473,1955109,46257313312211,13986719,1.225607
1474,1957650,46273512122312,7281012,0.697331
1475,1957962,46273513221212,6926085,0.665113
1476,1958872,46275311123222,8497830,0.765815
1477,1959080,46275312112232,10675609,0.940028
1478,1959132,46275312132212,9414697,0.900688
1479,1959212,46275312232133,8293246,0.750343
1480,1959249,46275312313211,10128799,0.877228
1481,1959340,46275313121222,8730749,0.801988
1482,1959483,46275313312211,10088749,0.874574
1483,1964900,46321752111131,7695937,0.717543
1484,1969844,46352171211233,6282550,0.598375
1485,1970024,46352172113231,5822278,0.556399
1486,1974977,46372511221331,8511799,0.791639
1487,1976408,46375211211332,6314331,0.594539
1488,1976580,46375212113111,6931971,0.649430
1489,1976627,46375212132131,6299446,0.600784
1490,1976629,46375212132221,6949198,0.666358
1491,1976791,46375212332222,6789435,0.633453
1492,1976814,46375213112111,8602416,0.771151
1493,1976851,46375213123121,7850648,0.828945
1494,1977040,46375213333121,6389641,0.591675
1495,1977268,46512371331221,8278012,0.775370
1496,1977316,46512372113321,9007738,0.867509
1497,1978974,46513272332111,6656776,0.642089
1498,1979014,46513273113221,6629677,0.630049
1499,1983833,46523711331332,7922544,0.723732
1500,1984825,46527133111121,6438767,0.610406
1501,1992484,46572311223122,8452469,0.773718
1502,1992664,46572312132122,6895397,0.668113
1503,2000184,46721533123313,8795119,0.788705
1504,2012429,47123562232133,9612976,0.852771
1505,2012927,47123651233232,7120126,0.658627
1506,2015114,47126351233232,9701906,0.848306
1507,2016002,47126532133133,8131908,0.732728
1508,2016819,47132562311111,7779762,0.702506
1509,2017025,47132563222331,10396898,0.911967
1510,2017546,47132652233321,7755344,0.719806
1511,2018915,47135622132332,7273057,0.672125
1512,2019645,47136252133112,10268818,0.915704
1513,2020946,47152361233232,6421265,0.713195
1514,2021717,47152631322131,8254548,0.740010
1515,2023935,47156231332313,8279093,0.743560
1516,2024273,47156233211132,7916113,0.744701
1517,2024322,47156233223312,6835145,0.663112
1518,2024343,47156233233113,8068457,0.739355
1519,2024394,47156233322312,6562490,0.620018
1520,2024433,47156321111111,8339957,0.813583
1521,2024511,47156321133311,8436610,0.786624
1522,2024745,47156322132311,7155963,0.667703
1523,2024861,47156322313232,6609544,0.631085
1524,2024903,47156322332132,6171190,0.582622
1525,2024907,47156322332312,6450246,0.631879
1526,2025046,47156323223123,7113097,0.688110
1527,2025361,47162351322122,7232677,0.714191
1528,2027650,47163522131222,6921753,0.654449
1529,2028951,47165321232113,9383276,0.845394
1530,2029007,47165321322131,13657543,1.171061
1531,2029116,47165322132212,9406808,0.855499
1532,2029122,47165322133112,10734679,0.951496
1533,2029196,47165322232133,8085945,0.762809
1534,2029233,47165322313211,10566881,0.931697
1535,2032757,47216352131333,11286883,0.977163
1536,2038824,47251363131113,10948777,0.943328
1537,2039316,47251632131312,9349704,0.823895
1538,2041782,47256133212311,7139005,0.663731
1539,2041880,47256133321232,7047102,0.643448
1540,2046586,47265312122222,7582837,0.691373
1541,2046606,47265312131312,7902816,0.714145
1542,2046729,47265312313211,21191847,1.795499
1543,2052299,47321651311133,7924613,0.733545
1544,2058257,47352612123131,6803937,0.625505
1545,2058374,47352612311132,7007930,0.651442
1546,2058393,47352612313211,13239508,1.158111
1547,2065678,47512632312323,6729398,0.633976
1548,2087522,47621532232331,6172652,0.590036
1549,2087749,47621533231121,6444363,0.671861
1550,2092633,47632152233321,6551826,0.649255
1551,2092812,47632153212311,8054085,0.784373
1552,2092867,47632153232321,7412118,0.693649
1553,2093543,47632513212332,10381740,0.902036
1554,2096989,47652132231323,8043246,0.740461
1555,2099363,47653213211231,10057382,0.907263
1556,2099421,47653213232111,5885934,0.555166
1557,2110480,51264731113322,6813992,0.636975
1558,2110803,51264732213311,6424641,0.599896
1559,2111603,51267342312233,11345406,0.981891
1560,2117098,51324671211122,7393502,0.687968
1561,2117349,51324672212111,9553646,0.859155
1562,2117526,51324673113311,11258609,0.974402
1563,2117746,51324761111123,8325466,0.749744
1564,2118257,51324763113332,8021072,0.738692
1565,2121723,51342672212111,9115919,0.832180
1566,2122780,51342763312223,16160159,1.362594
1567,2128761,51367241211113,6538843,0.635903
1568,2134628,51423671221331,6923592,0.645269
1569,2136699,51426731111111,8127541,0.737817
1570,2137359,51426733312211,7379567,0.710709
1571,2147694,51472361131313,9826796,0.876868
1572,2149071,51472633331312,9327236,0.830229
1573,2152197,51623471321111,5918960,0.564118
1574,2153410,51623743313321,8707274,0.767311
1575,2154367,51624731312123,8438480,0.766839
1576,2154888,51624733323113,9202766,0.820401
1577,2157323,51632741323232,6571923,0.615882
1578,2160798,51642371122313,8848248,0.796363
1579,2161510,51642731113322,9651120,0.855481
1580,2163695,51647231113232,6323959,0.595663
1581,2170779,51723643131311,9281823,0.840781
1582,2171245,51724362122222,8032657,0.751061
1583,2171478,51724363121213,7887683,0.720136
1584,2173686,51726433123313,9365286,0.830272
1585,2175123,51732643121213,9787961,0.856833
1586,2179436,51742632323231,7734440,0.713574
1587,2179439,51742632323333,8396543,0.763576
1588,2187873,52134761232113,7421451,0.678974
1589,2195052,52147631121311,7512320,0.688306
1590,2195076,52147631131211,7844829,0.723863
1591,2195102,52147631211131,6749282,0.621936
1592,2195182,52147631311121,6891650,0.649822
1593,2195262,52147632111113,7457381,0.688202
1594,2195505,52147633111112,9613135,0.873048
1595,2195758,52163471112122,7802119,0.714231
1596,2195847,52163471213111,6702252,0.639397
1597,2195919,52163471312111,6611946,0.636198
1598,2195983,52163471333123,6117654,0.598361
1599,2195997,52163472111311,6676937,0.621810
1600,2196049,52163472131222,6562145,0.618902
1601,2196237,52163473111211,7077610,0.667323
1602,2196242,52163473111331,6994625,0.655359
1603,2196349,52163473221323,6557613,0.610554
1604,2196449,52163473323332,11255594,0.986836
1605,2198939,52167342121232,9273736,0.830054
1606,2199669,52167432121313,8337947,0.765699
1607,2199676,52167432122222,10183154,0.906178
1608,2199693,52167432131213,8868583,0.792707
1609,2199959,52167433133333,9844647,0.885292
1610,2200103,52167433331333,8448035,0.761541
1611,2202922,52174633223123,8770946,0.787318
1612,2205150,52314673311311,13884763,1.193564
1613,2205424,52314761322122,7900080,0.741199
1614,2208870,52341671111111,22094705,1.835506
1615,2208909,52341671122211,8075365,0.748003
1616,2209038,52341671311313,6558036,0.619787
1617,2209194,52341672211112,8152457,0.739634
1618,2209263,52341672232313,7574984,0.713432
1619,2209324,52341672323222,8253497,0.764052
1620,2209326,52341672323312,10850298,0.972811
1621,2209428,52341673133111,6958864,0.647993
1622,2209503,52341673232213,7423819,0.676352
1623,2209508,52341673232333,6619898,0.612134
1624,2209566,52341673323212,10657947,1.031481
1625,2213520,52361472121313,10102675,0.891496
1626,2213547,52361472131312,8350937,0.758263
1627,2216485,52367142211121,8532845,0.775271
1628,2217335,52367412322232,7159118,0.676743
1629,2219092,52374161112323,7395819,0.674022
1630,2221870,52376413222223,8007997,0.757826
1631,2232782,52463173212332,9587410,0.957166
1632,2233511,52463713212332,9625515,0.864636
1633,2235969,52471631223113,7209191,0.677339
1634,2236050,52471631323112,7391577,0.682194
1635,2241372,52614372313211,11964699,1.010636
1636,2249547,52641733212311,7004114,0.649566
1637,2249602,52641733232321,7130504,0.669407
1638,2255428,52673413232123,6653231,0.666557
1639,2257135,52713461232323,6565360,0.625624
1640,2258586,52714361232113,10847430,0.952296
1641,2259760,52714633213223,7122914,0.649354
1642,2259784,52714633223123,7133248,0.674478
1643,2262240,52731641233112,6274210,0.593931
1644,2262294,52731641323112,6047565,0.693459
1645,2264477,52736141322233,7125599,0.789991
1646,2266158,52741362313211,8220715,0.773558
1647,2266159,52741362313223,9364152,0.843616
1648,2266748,52741632122333,10545116,0.921928
1649,2266756,52741632123323,13023866,1.110375
1650,2266797,52741632212213,11032209,0.958214
1651,2266799,52741632212231,11472817,0.987229
1652,2266851,52741632232211,10689521,0.954508
1653,2267060,52741633221233,10526206,0.888158
1654,2267133,52741633313312,10382555,0.911334
1655,2267134,52741633313321,11188639,1.079001
1656,2267140,52741633321223,12378238,1.079320
1657,2267160,52741633323311,10819003,1.058181
1658,2267922,52743611111213,7165671,0.671858
1659,2267925,52743611111312,8851841,0.774659
1660,2267930,52743611112131,7160112,0.665194
1661,2267938,52743611113121,9003784,0.806965
1662,2268216,52743612131111,6825685,0.650494
1663,2268432,52743613121111,8266125,0.737698
1664,2270838,52761431111213,7111480,0.668355
1665,2270841,52761431111312,7160342,0.665553
1666,2270846,52761431112131,7449485,0.689088
1667,2270854,52761431113121,7550503,0.701027
1668,2271132,52761432131111,7252929,0.669325
1669,2271348,52761433121111,6965552,0.650293
1670,2272175,52763143222331,11012908,0.974498
1671,2272416,52763411222312,14609280,1.246888
1672,2272528,52763411333123,9942504,0.893818
1673,2272896,52763413222112,15108516,1.292034
1674,2272911,52763413223312,15068085,1.276186
1675,2272983,52763413322312,14624294,1.323873
1676,2276078,53126471231231,8898700,0.826626
1677,2276080,53126471231321,7108091,0.723449
1678,2276134,53126471321321,7612577,0.839492
1679,2280605,53146272123233,10051246,0.885472
1680,2282060,53147262123131,6994236,0.653360
1681,2284618,53162743312223,16378672,1.404493
1682,2307127,53274163211222,9115006,0.806004
1683,2314035,53421671321111,9355651,0.825604
1684,2314040,53421671321231,6233454,0.597582
1685,2315318,53426171112233,7214002,0.655309
1686,2320432,53462711113322,9401736,0.836649
1687,2322054,53467211321111,5948946,0.574428
1688,2325717,53476121323112,7765418,0.717196
1689,2325724,53476121323322,7999199,0.723869
1690,2329246,53614721212121,9918360,0.869944
1691,2331562,53621471331221,6514921,0.614482
1692,2337174,53642171111111,8016875,0.731915
1693,2341902,53672142221213,13421759,1.144458
1694,2347047,53714622233111,11039745,0.982666
1695,2349456,53721463223312,8224565,0.750967
1696,2351295,53724612121112,9762783,0.894233
1697,2352475,53726143333121,7019236,0.650195
1698,2354148,53741621323112,7205403,0.680606
1699,2354166,53741621332112,7432374,0.687080
1700,2355857,53742612323333,8531017,0.775090
1701,2357859,53761242121211,9682644,0.860408
1702,2357940,53761242221213,10255679,1.005399
1703,2358021,53761242321212,9608875,0.852206
1704,2359655,53762143222331,8197763,0.733639
1705,2360458,53762413322123,8976134,0.803651
1706,2362606,54123673233323,7820564,0.725514
1707,2363638,54126371331221,6624992,0.611799
1708,2365905,54127632131213,9524745,0.859127
1709,2365968,54127632222212,9035741,0.824089
1710,2366148,54127633131212,9519909,0.857669
1711,2366171,54127633133333,9977643,0.880141
1712,2366331,54127633333313,9273893,0.825492
1713,2372242,54163271133221,7344432,0.675261
1714,2372562,54163272233111,9557738,0.843850
1715,2373651,54167231121113,6649259,0.626530
1716,2373678,54167231131112,6747120,0.633053
1717,2373735,54167231221211,7198034,0.672631
1718,2373861,54167231333213,6663596,0.628714
1719,2373876,54167232112112,7154483,0.668797
1720,2373945,54167232133313,7583130,0.700965
1721,2374101,54167232333113,6624686,0.643694
1722,2374262,54167233232333,8545449,0.779051
1723,2374329,54167233331213,7537958,0.704743
1724,2376366,54172633132313,9325581,0.817829
1725,2382771,54217362233213,15385935,1.320670
1726,2383410,54217632132212,13759909,1.242788
1727,2383875,54231671123111,7139844,0.681552
1728,2384362,54231673123121,6254347,0.593397
1729,2388736,54261373123121,6789360,0.641294
1730,2389316,54261732231233,8395454,0.750124
1731,2395896,54276132233312,8166858,0.763244
1732,2397014,54312671131331,7019956,0.671021
1733,2397285,54312672212111,7678741,0.708468
1734,2397606,54312673311311,13054289,1.137640
1735,2399886,54317261113112,6280178,0.590744
1736,2400601,54317621111222,8232595,0.758823
1737,2401662,54321672212213,11151869,0.993392
1738,2401664,54321672212231,10445465,0.919364
1739,2401716,54321672232211,10912015,0.969033
1740,2401998,54321673313312,15812432,1.587608
1741,2401999,54321673313321,16251603,1.572648
1742,2402025,54321673323311,16195862,1.885092
1743,2402140,54321761211221,6813767,0.854611
1744,2402559,54321763113113,9216190,1.230199
1745,2402789,54326171111231,9267150,1.122081
1746,2402798,54326171112233,6571407,0.854596
1747,2402978,54326171321231,6680412,0.825987
1748,2403525,54326711112212,8522690,0.897403
1749,2405345,54327612223232,7447895,0.686642
1750,2406074,54361272223232,7593140,0.696625
1751,2407178,54362171113133,7914076,0.751892
1752,2407892,54362711111231,6329340,0.603430
1753,2408094,54362711323112,7728605,0.743584
1754,2408628,54367121112212,9401511,0.835919
1755,2408637,54367121113211,7752736,0.723884
1756,2408642,54367121113331,10715405,0.971320
1757,2408941,54367122211121,8595701,0.787863
1758,2409021,54367122311111,7764007,0.744334
1759,2409264,54367123311113,7732664,0.723513
1760,2409412,54367211132222,10514021,0.920041
1761,2409452,54367211213333,13131404,1.173952
1762,2409464,54367211222132,10719076,0.958949
1763,2409582,54367211333213,11415678,0.983656
1764,2409676,54367212211322,13048494,1.104933
1765,2409724,54367212231122,11114164,1.096681
1766,2409744,54367212233213,10685674,0.930317
1767,2409816,54367212332213,10977857,0.985604
1768,2409822,54367212333113,11514733,1.025699
1769,2409844,54367213112222,12388220,1.212103
1770,2410004,54367213312133,12131189,1.050053
1771,2410100,54371261113331,8096278,0.738142
1772,2410821,54371621113112,9489525,0.851303
1773,2410828,54371621113322,6507683,0.639157
1774,2413193,54376121322233,7601558,0.697877
1775,2413721,54376211111132,7808011,0.731330
1776,2413723,54376211111222,7199703,0.682731
1777,2413739,54376211113133,8142833,0.747961
1778,2414463,54612371112311,11557764,0.986596
1779,2414810,54612372222131,8522731,0.779866
1780,2415433,54612732112223,8049568,0.765380
1781,2415864,54612733322213,8156768,0.827190
1782,2418900,54621371133311,7511151,0.768104
1783,2419147,54621372211121,8218941,0.742705
1784,2426904,54637211132111,6349870,0.605371
1785,2427924,54671232221213,8659237,0.772740
1786,2432157,54712361323313,8213477,0.758247
1787,2432320,54712362223322,8617073,0.804245
1788,2435220,54716232222113,8527948,0.777398
1789,2435605,54716321112323,8241253,0.785632
1790,2436016,54716322313223,6807136,0.644077
1791,2437047,54721631111111,26281477,2.186068
1792,2437084,54721631122121,7703836,0.700086
1793,2437211,54721631311133,7306482,0.694248
1794,2437367,54721632133232,7125908,0.664398
1795,2437384,54721632212222,7600872,0.689677
1796,2437385,54721632212231,6629245,0.652039
1797,2437675,54721633231322,7072833,0.640188
1798,2437720,54721633313321,7603404,0.700093
1799,2437775,54721633333331,6679928,0.635228
1800,2438808,54723612131312,10292075,0.918963
1801,2438860,54723612221222,8422519,0.775972
1802,2438868,54723612222212,8623675,0.778404
1803,2439024,54723613121312,9466225,0.898577
1804,2439231,54723613333313,9561781,0.886200
1805,2445757,54761233322321,7362560,0.675804
1806,2449157,54763212322232,6991601,0.671111
1807,2449563,56123471222312,10240416,0.916141
1808,2449570,56123471223221,9720744,0.865748
1809,2449664,56123471331332,12442941,1.100294
1810,2449675,56123471333123,10686373,0.947743
1811,2449882,56123472322121,10277450,0.908715
1812,2449907,56123472331331,9644760,0.864144
1813,2450000,56123473133132,11354699,0.981315
1814,2450003,56123473133231,9558623,0.842803
1815,2450043,56123473222112,9880936,0.878719
1816,2450058,56123473223312,9856780,0.877425
1817,2450130,56123473322312,10219306,1.007208
1818,2450903,56124371111231,6174498,0.589862
1819,2451049,56124371232323,8486401,0.826903
1820,2453803,56127433332323,7568126,0.694936
1821,2454299,56132472333332,7696957,0.717987
1822,2454381,56132473211111,7470447,0.699272
1823,2454402,56132473213211,7471901,0.688197
1824,2460364,56143273332323,9344000,0.835545
1825,2461223,56147231222132,16573578,1.403111
1826,2461341,56147231333213,10295991,0.931699
1827,2461503,56147232233213,10725383,0.949378
1828,2461575,56147232332213,11085844,0.972257
1829,2461581,56147232333113,10740746,0.930946
1830,2462315,56147322333233,9584853,0.858347
1831,2464767,56173421113112,6264095,0.590445
1832,2465936,56174232323333,8457954,0.786667
1833,2466351,56174321232113,10392090,0.982801
1834,2466936,56213471111111,8577952,0.778511
1835,2468339,56213743313333,10077568,0.868610
1836,2477700,56243173133111,9178277,0.819135
1837,2478392,56243713121333,9398476,0.822109
1838,2479082,56247132333233,7728484,0.720435
1839,2481279,56271433111313,10321550,0.924354
1840,2481324,56271433123313,10064908,0.930262
1841,2481342,56271433132313,10581447,0.993188
1842,2483435,56274132331133,8210328,0.760646
1843,2484129,56274312313211,12012839,1.019931
1844,2489452,56321473233323,6848976,0.636913
1845,2489859,56321742211112,10219252,0.883074
1846,2490380,56324171221331,6714829,0.631134
1847,2492540,56327411211332,6769927,0.738820
1848,2493036,56327413213112,6689412,0.643694
1849,2493696,56341273121213,9797100,0.846761
1850,2493723,56341273131212,8786735,0.785140
1851,2496578,56347122333233,8789082,0.781844
1852,2496924,56347211213111,6923597,0.644451
1853,2496944,56347211222132,7076517,0.656206
1854,2496996,56347211312111,6556603,0.635448
1855,2497043,56347211331131,6375700,0.604676
1856,2497072,56347212111221,11529296,0.998400
1857,2497074,56347212111311,8707219,0.762955
1858,2497118,56347212123233,7997085,0.714641
1859,2497216,56347212232223,7689151,0.695662
1860,2497314,56347213111211,8340657,0.750183
1861,2497373,56347213131332,7315083,0.672232
1862,2507900,56423171231231,6158689,0.597532
1863,2507902,56423171231321,7514558,0.716068
1864,2507956,56423171321321,6778227,0.655672
1865,2508013,56423172112121,7723879,0.753921
1866,2508310,56423173132121,6981347,0.646695
1867,2508318,56423173133111,7652391,0.698707
1868,2513386,56432713122122,8019601,0.730963
1869,2519568,56712341232113,7006864,0.652915
1870,2519992,56712343211123,7689712,0.701888
1871,2524337,56721343123331,8280463,0.776752
1872,2524946,56721432312233,9636030,0.838768
1873,2526009,56723411113313,7118161,0.765919
1874,2526012,56723411121113,7236125,0.661837
1875,2526039,56723411131112,6640324,0.628587
1876,2526108,56723411222312,6505015,0.627418
1877,2526270,56723412122312,6376367,0.601724
1878,2526439,56723412323222,6977162,0.644563
1879,2526582,56723413221212,6725545,0.624258
1880,2526588,56723413222112,6621013,0.622497
1881,2526687,56723413331111,6734211,0.630620
1882,2530152,56732143122113,9297869,0.809782
1883,2532579,56741231121311,7009519,0.656810
1884,2532603,56741231131211,9092115,0.808915
1885,2532629,56741231211131,8828855,0.817093
1886,2532709,56741231311121,6756916,0.666319
1887,2532789,56741232111113,7734980,1.010139
1888,2533032,56741233111112,7644314,0.961435
1889,2536474,56743212122222,8450291,1.126501
1890,2536546,56743212221222,10023041,1.213028
1891,2536707,56743213121213,10450750,1.225823
1892,2536710,56743213121312,9081104,0.900863
1893,2536901,56743213331333,9872724,0.962903
1894,2536920,57123461111111,8142586,0.742334
1895,2553990,57164322131312,7598404,0.747062
1896,2556086,57214361323232,6308639,0.604620
1897,2556939,57214632212213,13667376,1.167973
1898,2561729,57236141113232,6883223,0.632668
1899,2561909,57236141322233,6686007,0.635922
1900,2561918,57236141323232,9774967,0.858970
1901,2564091,57241631322113,6076229,0.599227
1902,2564100,57241631323112,5888046,0.600199
1903,2566094,57246131112233,7618778,0.812932
1904,2570704,57264132111323,8491822,0.766334
1905,2577177,57321641311112,7053538,0.662816
1906,2577422,57321642311132,7079194,0.654184
1907,2589027,57364212213311,9574273,0.838181
1908,2589105,57364212313211,8081936,0.731112
1909,2589391,57364213332122,6339059,0.607904
1910,2622238,57642311113322,7070134,0.753648
1911,2624785,61234572231323,7780507,0.808956
1912,2625033,61234573232213,7013057,0.638025
1913,2626769,61235741313131,12300735,1.063218
1914,2636695,61257343232123,6983565,0.638833
1915,2639162,61274351313131,9330783,0.833859
1916,2640094,61274532231323,7663895,0.696277
1917,2651047,61352472233321,6544055,0.624221
1918,2651070,61352472313211,12947413,1.113385
1919,2669037,61452731311313,9578376,0.840449
1920,2670327,61453721111111,8386486,0.786571
1921,2670489,61453721311112,6762259,0.636300
1922,2670814,61453723111121,6677101,0.624146
1923,2673539,61472532123332,7476659,0.681376
1924,2673738,61472533112111,6331957,0.608604
1925,2680533,61527431111111,8764417,0.881116
1926,2683127,61534272311132,8721636,0.837136
1927,2683464,61534721112311,7535084,0.686264
1928,2683470,61534721113211,7105218,0.667984
1929,2687094,61543271111111,9199038,0.822896
1930,2687109,61543271112311,7785047,0.812118
1931,2691160,61572432312323,7121627,0.662753
1932,2701556,61734523222331,9697323,0.869134
1933,2712319,62134572321323,9280197,0.821434
1934,2713375,62135471122121,7621688,0.691791
1935,2713646,62135472132131,6571028,0.631374
1936,2713862,62135473122131,6351365,0.597101
1937,2713870,62135473123121,8298120,0.745029
1938,2713880,62135473131131,7613749,0.705876
1939,2713888,62135473132121,7449202,0.688004
1940,2713973,62135473232231,7012360,0.650265
1941,2714029,62135473322321,7475899,0.681483
1942,2714678,62135743222331,7747146,0.723551
1943,2714728,62135743312223,12950493,1.181388
1944,2719702,62147353123121,7137522,0.681156
1945,2719720,62147353132121,6034542,0.577796
1946,2723491,62154733321121,6373774,0.611654
1947,2723853,62157342132212,9059459,0.828360
1948,2726363,62173543232132,7027888,0.644901
1949,2726498,62174351122133,9804848,0.996326
1950,2727840,62174533311212,8859575,0.890027
1951,2732787,62317453112111,6202264,0.593545
1952,2732952,62317453312211,9989883,0.899325
1953,2739349,62351743112123,11467461,0.986655
1954,2743152,62371453311311,8600020,0.785470
1955,2744889,62374511322311,6066683,0.583359
1956,2745187,62374513112321,7142015,0.771630
1957,2745342,62374513312112,5797130,0.593796
1958,2753030,62435172211133,10439783,0.966005
1959,2753111,62435172311132,11205755,0.980963
1960,2753554,62435711222222,7017219,0.648268
1961,2758456,62453713311122,8851031,0.785429
1962,2761112,62471532232133,7322315,0.699189
1963,2763115,62475131322323,7063343,0.655895
1964,2769179,62531472321233,7786652,0.724256
1965,2775384,62543711211113,7630175,0.695716
1966,2775465,62543711311112,6441953,0.609805
1967,2778656,62571432321233,9548299,0.856168
1968,2789769,62735143223213,8558700,0.894545
1969,2801563,63125741112323,12935472,1.086541
1970,2802092,63125743131233,6873649,0.656455
1971,2802111,63125743133312,7282060,0.673886
1972,2803734,63142571111111,7945206,0.714126
1973,2803804,63142571132321,11056509,0.969107
1974,2804230,63142573112123,10744423,0.950609
1975,2812903,63172452312323,6406295,0.607265
1976,2812908,63172452313211,13173928,1.142322
1977,2815139,63174522332132,6993628,0.680238
1978,2824922,63247511123132,6562208,0.617805
1979,2826896,63251743133231,9898498,0.885288
1980,2845455,63452711311313,7604797,0.803755
1981,2845768,63452712333221,7172916,0.676733
1982,2848493,63471522123131,8077092,0.731501
1983,2848655,63471522323132,8856777,0.925464
1984,2848673,63471522332132,7232560,0.671384
1985,2849957,63472512123332,7957595,0.718574
1986,2853251,63512743313333,10291053,0.892487
1987,2860689,63541271212211,12136657,1.042960
1988,2863304,63542713121333,11290086,0.977770
1989,2868905,63574212123131,6939213,0.646772
1990,2869041,63574212313211,11235119,0.978895
1991,2870424,63712542221111,7477460,0.683698
1992,2871092,63714252123131,8713862,0.780756
1993,2871547,63714521112323,8450903,0.770168
1994,2872001,63714522332132,6395367,0.607931
1995,2874607,63721541233322,7280708,0.676283
1996,2875692,63724153121213,10076082,0.894794
1997,2876650,63725141112323,12436848,1.049555
1998,2876788,63725141233121,8430954,0.753793
1999,2876924,63725142123131,11388978,0.985717
2000,2877005,63725142223133,10305405,0.924218
2001,2877156,63725143122113,9470112,0.848794
2002,2877171,63725143123313,13312909,1.168286
2003,2878459,63741252222323,7895979,0.726964
2004,2879111,63741522123131,8149143,0.745384
2005,2880427,63742511232221,8069160,0.729690
2006,2881533,63745123122212,6901559,0.644057
2007,2882824,63751242221321,9643149,0.843911
2008,2883723,63751423122311,8505649,0.867956
2009,2883924,63752141111111,10339463,0.895162
2010,2883963,63752141122211,8703366,0.779113
2011,2883972,63752141123213,6811645,0.744740
2012,2884394,63752142332132,6290926,0.596622
2013,2884459,63752143123223,6591558,0.629486
2014,2884507,63752143212323,6457183,0.595264
2015,2884537,63752143223123,7578827,0.716674
2016,2884782,63752411223212,6620883,0.635709
2017,2884890,63752411333213,11155969,0.978708
2018,2885074,63752412312323,8633097,0.778512
2019,2885094,63752412322112,6929980,0.667376
2020,2885130,63752412333113,11128369,0.955678
2021,2886634,63754213122122,7248013,0.673818
2022,2888358,64125371131313,11389096,0.990012
2023,2899308,64157321133212,15115384,1.284984
2024,2909117,64231572311132,8320203,0.758411
2025,2916022,64257131113223,7380004,0.675381
2026,2918784,64271533221212,7847027,0.733108
2027,2920468,64275131212223,8856118,0.812657
2028,2920546,64275131312123,8553550,0.786911
2029,2920700,64275132211133,10577651,0.945047
2030,2920763,64275132232133,10238949,1.025467
2031,2920995,64275133231112,9689463,0.849553
2032,2921034,64275133312211,8150691,0.763646
2033,2921120,64275311112332,7813081,0.720799
2034,2921224,64275311222222,6769890,0.649138
2035,2921763,64275313312211,7221202,0.671295
2036,2926451,64321572111131,8678520,0.762721
2037,2926514,64321572132131,7210848,0.667617
2038,2926613,64321572311132,8084233,0.725413
2039,2928910,64325713121222,14412259,1.233546
2040,2930888,64351272132131,7238158,0.677654
2041,2934651,64357212313211,8305691,0.758204
2042,2934853,64357213231322,10048075,0.886603
2043,2934885,64357213312211,9182663,0.815259
2044,2948169,64531271212211,11738005,1.017542
2045,2948384,64531272132131,6609747,0.614931
2046,2948600,64531273122131,6476653,0.621735
2047,2948608,64531273123121,8489812,0.782443
2048,2948730,64531273311311,7102615,0.639072
2049,2948736,64531273312211,6606474,0.733978
2050,2953948,64572131122223,7196191,0.660873
2051,2958777,64713253112111,6180085,0.591948
2052,2974335,65123471112311,6981582,0.760960
2053,2974478,65123471233232,6054371,0.596944
2054,2974740,65123472312311,7256488,0.712292
2055,2978784,65132471212112,7543708,0.687765
2056,2978811,65132471222111,7292505,0.678370
2057,2978836,65132471231321,8392478,0.768963
2058,2978902,65132471323121,8083133,0.728495
2059,2978996,65132472131231,6571523,0.625842
2060,2979032,65132472212231,10885530,0.950246
2061,2979097,65132472233321,8612336,0.781389
2062,2979188,65132473111331,8394483,0.758721
2063,2979366,65132473313312,6826304,0.636613
2064,2979393,65132473323311,6983781,0.689297
2065,2979556,65132741223323,6801221,0.624414
2066,2980034,65132743222331,8522578,0.764985
2067,2981039,65134721233232,7681585,0.699164
2068,2986857,65147321232113,9833598,0.884918
2069,2988242,65172431132333,8313361,0.792308
2070,2990648,65174232123131,7232768,0.666595
2071,2990679,65174232133313,7181356,0.671729
2072,2990814,65174232323312,7975452,0.729902
2073,2991054,65174233323212,7926804,0.710445
2074,2991063,65174233331213,7546918,0.704424
2075,2991513,65174322313211,7747131,0.702602
2076,2991700,65174323223123,7590291,0.681796
2077,2992545,65213741111111,8470231,0.770213
2078,3000564,65241371111111,8122536,0.746954
2079,3003028,65243712121322,10739791,1.027465
2080,3005171,65271341332331,7910531,0.716429
2081,3006050,65271432231233,8082471,0.732589
2082,3007854,65274131111111,9562251,0.845721
2083,3008022,65274131311313,6628963,0.632537
2084,3008028,65274131312213,7474943,0.683376
2085,3008150,65274132123332,7204006,0.671926
2086,3008407,65274133132223,7166235,0.660427
2087,3008491,65274133232321,6458578,0.602448
2088,3008515,65274133312223,7026999,0.656358
2089,3011177,65314272311132,6664752,0.627572
2090,3011196,65314272313211,11092712,0.971572
2091,3013930,65321472111122,8523394,0.746730
2092,3030597,65417321232113,6938237,0.649461
2093,3031066,65417323223123,6386039,0.599063
2094,3031084,65417323232123,6932130,0.640596
2095,3034051,65423713321322,7728566,0.713589
2096,3037651,65432173232321,7552149,0.724787
2097,3039996,65471231132213,9055448,0.802664
2098,3048562,65714323223123,7412484,0.689385
2099,3050817,65723143321313,6918245,0.651197
2100,3055474,65732411333123,14760780,1.262819
2101,3059709,65742311212313,6788335,0.669439
2102,3066981,67132541133311,12055098,1.051404
2103,3074757,67145323133312,7588936,0.692233
2104,3078539,67154233323332,11201472,0.960492
2105,3082934,67215343333133,9366682,0.833366
2106,3084606,67231541323112,8819715,0.785998
2107,3085093,67231543323122,8853283,0.785782
2108,3086569,67234513332122,6922147,0.648542
2109,3091147,67245131313323,7211784,0.669914
2110,3091704,67245311112311,10676609,0.928938
2111,3091766,67245311133233,8625087,0.784411
2112,3096119,67254311131133,11584791,0.985697
2113,3096711,67254313311113,7174320,0.762511
2114,3097195,67312452233321,7370719,0.669851
2115,3097552,67312541121221,7167643,0.666570
2116,3097872,67312542221111,9148746,0.825106
2117,3101167,67321451111123,6924040,0.646267
2118,3101181,67321451112311,7440246,0.695769
2119,3101259,67321451212211,12063761,1.028248
2120,3101330,67321451311133,7744893,0.687013
2121,3101410,67321452111122,7204062,0.670341
2122,3101676,67321453113311,8076440,0.739170
2123,3102284,67321542232133,7641308,0.691547
2124,3105907,67341252222323,8124834,0.726047
2125,3108087,67342512222113,8189037,0.759352
2126,3108827,67345122223133,10696072,1.035132
2127,3108845,67345122232133,10320241,0.909527
2128,3109186,67345211111123,6910942,0.650975
2129,3109187,67345211111132,7455264,0.689957
2130,3109199,67345211112233,7180541,0.659415
2131,3109210,67345211113322,6961587,0.640159
2132,3109267,67345211211122,7727416,0.718021
2133,3109349,67345211311133,7614726,0.720056
2134,3109429,67345212111122,6984091,0.652776
2135,3109673,67345213111133,8221046,0.773840
2136,3112830,67354121111111,7988560,0.833813
2137,3113650,67354211212121,7851730,0.854508
2138,3113739,67354211313113,11465854,1.014692
2139,3113793,67354211333111,11420593,1.018617
2140,3113806,67354212111221,7945098,0.743210
2141,3113896,67354212212222,7454062,0.717522
2142,3113966,67354212311132,7538757,0.708856
2143,3114051,67354213111313,9178759,0.811088
2144,3114105,67354213131311,8756952,0.794752
2145,3114128,67354213211132,7440805,0.712461
2146,3114233,67354213313333,7495079,0.691884
2147,3114838,67412353132121,8644363,0.797036
2148,3115003,67412353332221,6734242,0.643187
2149,3115073,67412531131133,8240337,0.750590
2150,3126177,67435121332112,6238185,0.591990
2151,3126484,67435123123121,6268389,0.612577
2152,3130277,67452313321232,8858488,0.780844
2153,3149908,71234563231322,8322471,0.751348
2154,3163369,71263541333222,10540483,0.935482
2155,3163582,71263542323123,10643603,0.950401
2156,3165136,71264533131323,10691924,0.986786
2157,3165190,71264533221323,10550299,1.019358
2158,3165214,71264533231223,12350669,1.077822
2159,3165216,71264533231313,11258492,0.998634
2160,3169779,71326451211311,6915101,0.724207
2161,3170242,71326453132121,6758922,0.630590
2162,3171147,71326543333313,10006175,0.888859
2163,3172916,71345262132131,7800056,0.717349
2164,3180408,71362453113311,8218642,0.735415
2165,3184251,71365423331312,9473292,0.852042
2166,3184862,71423563213232,7788895,0.717873
2167,3185591,71423653213232,7305109,0.682628
2168,3187848,71426353312211,7785354,0.714820
2169,3188641,71426533333223,8801377,0.785842
2170,3188797,71432561232323,7862292,0.706831
2171,3188858,71432561323232,6131570,0.586078
2172,3188893,71432562111221,7329017,0.697175
2173,3189279,71432563232213,7803880,0.743166
2174,3189339,71432563323113,6605958,0.662033
2175,3189340,71432563323122,7089321,0.657431
2176,3189357,71432563332113,6657185,0.650400
2177,3190307,71435261322233,9113024,0.882701
2178,3190465,71435262222122,8262278,0.757590
2179,3190672,71435263211123,9675346,0.855247
2180,3190753,71435263311122,9038661,0.802073
2181,3190826,71435263333133,9207344,0.811898
2182,3190828,71435263333223,9295344,0.829341
2183,3191561,71435623333331,9073266,0.816604
2184,3192282,71436253333112,9966200,0.881451
2185,3193610,71452363213232,7127765,0.657288
2186,3194111,71452632222131,9521200,0.862212
2187,3194842,71453262222221,7627322,0.710228
2188,3195856,71453623311122,10383558,0.920474
2189,3196870,71456321322323,7219532,0.677798
2190,3196912,71456322111221,7559619,0.703109
2191,3198148,71462531113322,9058083,0.833488
2192,3198369,71462532111212,7809912,0.733738
2193,3198393,71462532121112,8062801,0.743473
2194,3198613,71462533111223,9693938,0.897898
2195,3198717,71462533221113,7937253,0.742387
2196,3200287,71463523331222,8107740,0.730766
2197,3202314,71523463131311,10307611,0.924159
2198,3202395,71523463231313,10668661,0.980757
2199,3202476,71523463331312,10166850,1.048943
2200,3206744,71532463221332,7851727,0.985119
2201,3207883,71534262122222,9955960,1.225621
2202,3211801,71542633132322,7664292,1.080602
2203,3212948,71543622111131,6485891,0.818684
2204,3213190,71543623111121,7212524,0.886507
2205,3214137,71546233331213,9893596,1.201702
2206,3214542,71546322231212,10254952,1.177344
2207,3216155,71562433123232,7394035,0.690317
2208,3216946,71563243221221,8297414,0.753545
2209,3223496,71625433213133,13264887,1.172439
2210,3229851,71643252231212,10089049,0.889205
2211,3230904,71643523331213,10374437,0.924508
2212,3237177,72134562312212,9379313,0.866491
2213,3240608,72136541322233,6959159,0.660468
2214,3241745,72143563222331,7036888,0.649895
2215,3241890,72143651121113,7072893,0.676567
2216,3241917,72143651131112,7530504,0.700819
2217,3241962,72143651213111,6847522,0.646479
2218,3242034,72143651312111,6736748,0.631491
2219,3242112,72143652111311,6861306,0.641839
2220,3242352,72143653111211,6827482,0.656355
2221,3243478,72145631233223,6715548,0.643710
2222,3243956,72145633232231,6739983,0.731458
2223,3243982,72145633312223,10897190,1.000676
2224,3244441,72146352232223,8055708,0.732737
2225,3250165,72163452122222,9995404,0.892284
2226,3250398,72163453121213,8409992,0.800188
2227,3250425,72163453131212,9503603,0.866702
2228,3250448,72163453133333,8130358,0.855831
2229,3250592,72163453331333,10012686,0.977221
2230,3251880,72164353131113,9765298,0.852730
2231,3253553,72165431113331,6959436,0.650098
2232,3253770,72165432111113,7234060,0.678695
2233,3253771,72165432111122,9622470,0.839808
2234,3253851,72165432211112,7910047,0.848890
2235,3253983,72165432323312,6994209,0.644933
2236,3254013,72165433111112,6799929,0.632391
2237,3254048,72165433121333,7513561,0.676724
2238,3254126,72165433221233,7154337,0.663884
2239,3254173,72165433233323,7734380,0.714861
2240,3254206,72165433321223,6650073,0.626014
2241,3254232,72165433331213,7333612,0.690314
2242,3260817,72345611111111,9468937,0.844053
2243,3260889,72345611133113,6508316,0.617427
2244,3260929,72345611221223,5917812,0.566677
2245,3260938,72345611222222,6422944,0.609685
2246,3261041,72345611331332,6930788,0.657634
2247,3261096,72345612122111,7412600,0.682174
2248,3261284,72345612331331,5865028,0.561281
2249,3261415,72345613221221,6250585,0.592072
2250,3261545,72345613333331,7902426,0.717621
2251,3265936,72356141112323,7598493,0.695951
2252,3266064,72356141232113,7014507,0.650912
2253,3266488,72356143211123,6717154,0.630670
2254,3268016,72361453232333,6744674,0.635920
2255,3268589,72361542333233,12055783,1.055931
2256,3271386,72365412222212,7374183,0.792118
2257,3271542,72365413121312,10492176,0.956015
2258,3271566,72365413131212,7666959,0.738421
2259,3271733,72365413331333,7815601,0.712540
2260,3278310,72435163333313,11076698,0.974851
2261,3290128,72513641232323,6999701,0.648160
2262,3290137,72513641233322,8161636,0.742695
2263,3292591,72516342313223,7599557,0.707534
2264,3294302,72531463321232,8363760,0.763268
2265,3295648,72534163211123,8718465,0.791846
2266,3298728,72541631111213,7160369,0.656625
2267,3298731,72541631111312,7961343,0.730550
2268,3298736,72541631112131,7453275,0.700654
2269,3298744,72541631113121,7743882,0.705272
2270,3299022,72541632131111,6840921,0.644914
2271,3299238,72541633121111,8482395,0.769673
2272,3299859,72543162311111,6524175,0.644902
2273,3300021,72543163211111,7245561,0.692978
2274,3300295,72543611221223,9567740,0.850351
2275,3300313,72543611223221,10022050,0.878501
2276,3300407,72543611331332,11317132,1.021832
2277,3300416,72543611332331,10162057,0.890832
2278,3300650,72543612331331,9618077,0.900309
2279,3300737,72543613132232,12258687,1.044933
2280,3300745,72543613133222,9900605,0.848967
2281,3300781,72543613221221,10346870,0.908508
2282,3300801,72543613223312,11420584,0.992237
2283,3300873,72543613322312,11809075,1.023185
2284,3301848,72546311323112,6750541,0.635090
2285,3302337,72546313323212,7546833,0.684749
2286,3302797,72561342313223,10145223,0.893382
2287,3303442,72561432213122,12009485,1.037770
2288,3303698,72561433221233,10645220,0.942886
2289,3303752,72561433311233,13701787,1.148135
2290,3303776,72561433321133,11422739,1.052410
2291,3303778,72561433321223,11270966,0.971782
2292,3304560,72563411111213,7051321,0.658358
2293,3304563,72563411111312,6923746,0.650066
2294,3304568,72563411112131,9516399,0.834208
2295,3304576,72563411113121,7560732,0.685381
2296,3304854,72563412131111,6860314,0.620708
2297,3305070,72563413121111,6765073,0.632885
2298,3318261,72643513212311,7110950,0.728718
2299,3318263,72643513212332,6601856,0.616678
2300,3326258,73125463133132,7903344,0.710317
2301,3332525,73146522113231,6419856,0.606697
2302,3349686,73246153312211,6861272,0.644292
2303,3371524,73456123231322,7828952,0.711332
2304,3380337,73516243323113,6791661,0.642135
2305,3380357,73516243332131,7243902,0.669850
2306,3385911,73541262321212,9065228,0.824431
2307,3387611,73542163321133,9100256,0.814151
2308,3388213,73542613132121,6633794,0.618640
2309,3388219,73542613132322,6775904,0.625558
2310,3394177,73564213321322,8766342,0.793667
2311,3395698,73614251112323,9023450,0.779946
2312,3397156,73615241112323,11971138,1.032868
2313,3397165,73615241113322,9785400,0.878074
2314,3397511,73615242223133,9521209,0.857662
2315,3397677,73615243123313,9000587,0.804899
2316,3397731,73615243213313,9306649,0.801460
2317,3397848,73615243331312,9061845,0.826572
2318,3397857,73615243332311,9390613,0.833249
2319,3397894,73615421113322,7040244,0.643655
2320,3398457,73615423213211,9355903,0.832713
2321,3398597,73615423333331,7414825,0.668633
2322,3401300,73624513121132,11996448,1.056601
2323,3401498,73624513332131,10765285,0.913230
2324,3401530,73625141112323,8828131,0.797409
2325,3402030,73625143121213,7496221,0.788526
2326,3402240,73625143333313,7826375,0.838150
2327,3402610,73625412222323,7689840,0.700967
2328,3405159,73642511111111,10148264,0.890564
2329,3405182,73642511113232,8716790,0.780345
2330,3405184,73642511113322,8682509,0.780068
2331,3405775,73642513223222,9487704,0.833136
2332,3405909,73645121113211,8572578,0.781962
2333,3406254,73645122222311,8193209,0.734509
2334,3406743,73645211223113,6236599,0.589321
2335,3406752,73645211231111,7975091,0.762933
2336,3406806,73645211321111,6237488,0.608143
2337,3406842,73645211332112,6487852,0.659452
2338,3407117,73645213112231,6736408,0.618838
2339,3407337,73645213333112,7148293,0.681620
2340,3407371,73651241113322,7529770,0.698121
2341,3410106,73652413211312,8054255,0.732112
2342,3410242,73652413331321,9048849,0.794431
2343,3410506,73654122111122,10028342,0.885460
2344,3410613,73654122221111,6977897,0.653451
2345,3410993,73654211111132,8230793,0.753429
2346,3412417,74123563323221,6453607,0.602074
2347,3412891,74123652322121,10021145,0.894294
2348,3413003,74123653132232,12827039,1.102680
2349,3413009,74123653133132,10433214,0.940191
2350,3413011,74123653133222,10332761,0.897528
2351,3413012,74123653133231,9516342,0.956190
2352,3414093,74125631313311,6830690,0.647292
2353,3414178,74125632121121,7139998,0.653563
2354,3414186,74125632122111,6613911,0.619873
2355,3414204,74125632131111,6825880,0.645992
2356,3414347,74125632321332,6629011,0.637029
2357,3414420,74125633121111,8346119,0.768005
2358,3414452,74125633131233,6499015,0.617733
2359,3414461,74125633132232,5910474,0.566837
2360,3414469,74125633133222,6249536,0.710117
2361,3414471,74125633133312,8320222,0.756332
2362,3414625,74125633332323,7815523,0.821490
2363,3415114,74126352333122,9227055,0.829534
2364,3416288,74132561321231,8676920,0.789672
2365,3416365,74132562121121,8060279,0.724843
2366,3416373,74132562122111,7545837,0.696245
2367,3416638,74132563131221,9293490,0.815253
2368,3416643,74132563132112,7580982,0.706612
2369,3420181,74136522322121,9373233,0.829260
2370,3421022,74152363132232,9218051,0.831759
2371,3421028,74152363133132,9280187,0.837413
2372,3421030,74152363133222,10484097,0.910148
2373,3421031,74152363133231,9261402,0.825405
2374,3424393,74156322122123,7048488,0.649557
2375,3424399,74156322122321,7222272,0.657686
2376,3424540,74156322313223,7234681,0.684376
2377,3424670,74156323132331,6826858,0.642849
2378,3424672,74156323133123,7046558,0.641557
2379,3426328,74163251121122,7838360,0.722478
2380,3426555,74163252112211,7263940,0.673196
2381,3426597,74163252131111,7828426,0.712161
2382,3426813,74163253121111,7769415,0.852676
2383,3426848,74163253131332,6528929,0.716163
2384,3426860,74163253133132,6427583,0.615960
2385,3426861,74163253133213,6964490,0.661863
2386,3426863,74163253133231,6632168,0.626866
2387,3427018,74163253332323,7121254,0.767763
2388,3427788,74165231121212,12269971,1.075052
2389,3427818,74165231131313,11538081,0.974955
2390,3427849,74165231212121,11683501,0.994994
2391,3427940,74165231313131,12052168,1.013427
2392,3428004,74165232111212,12189134,1.072822
2393,3428028,74165232121112,11595663,0.988998
2394,3428031,74165232121211,11740792,1.016746
2395,3428250,74165233111313,12686336,1.116868
2396,3428298,74165233131113,11637387,1.022959
2397,3428304,74165233131311,12348360,1.058384
2398,3428305,74165233131323,11697491,1.005723
2399,3428313,74165233132313,12590964,1.097628
2400,3428385,74165233231313,12602940,1.141602
2401,3430397,74213652323132,6747968,0.664039
2402,3439185,74251633111313,9226391,0.837795
2403,3441802,74256311321222,12838452,1.125395
2404,3442100,74256313111232,14927387,1.294263
2405,3446465,74265312333233,7758512,0.722234
2406,3447926,74312652333332,7742964,0.733408
2407,3451736,74321563311131,8306846,0.863028
2408,3452461,74321653233323,8458285,0.766143
2409,3453091,74325163131323,9012579,0.810388
2410,3453628,74325612221222,7350143,0.664183
2411,3453792,74325613121312,9368943,0.836229
2412,3453816,74325613131212,7359878,0.685639
2413,3453839,74325613133333,7895898,0.727167
2414,3460331,74361253112132,8890329,0.791956
2415,3460406,74361253211231,6493398,0.612608
2416,3463510,74365211121221,7095297,0.656388
2417,3463578,74365211213111,6690018,0.633574
2418,3463650,74365211312111,6601870,0.621429
2419,3463659,74365211313113,7307072,0.686205
2420,3463713,74365211333111,7277789,0.706119
2421,3463728,74365212111311,6737873,0.628266
2422,3463846,74365212222323,6933960,0.642792
2423,3463964,74365212333332,6593793,0.625246
2424,3463968,74365213111211,7057496,0.655629
2425,3464000,74365213121333,6879657,0.641719
2426,3464411,74512361322233,8972985,0.805789
2427,3464635,74512362313223,6706537,0.634084
2428,3466183,74513263121222,13656596,1.174074
2429,3469674,74521632222212,8998276,0.835945
2430,3469827,74521633121213,10102770,0.982060
2431,3469830,74521633121312,9295087,0.843007
2432,3469877,74521633133333,10272618,0.916366
2433,3470037,74521633333313,9185253,0.942913
2434,3470796,74523611121113,7062745,0.663384
2435,3470823,74523611131112,7313134,0.804034
2436,3470868,74523611213111,7214137,0.681489
2437,3470940,74523611312111,6853321,0.637431
2438,3471018,74523612111311,7128798,0.674056
2439,3471258,74523613111211,6832311,0.650408
2440,3474949,74532163123223,8167931,0.741766
2441,3477334,74561231111222,7197288,0.671957
2442,3477573,74561232111113,7304906,0.672616
2443,3477681,74561232221111,8098648,0.742538
2444,3477816,74561233111112,7894807,0.725155
2445,3477875,74561233131233,7094732,0.669876
2446,3477976,74561233233323,8355413,0.779063
2447,3477983,74561233311233,7109509,0.662374
2448,3478007,74561233321133,7008686,0.661163
2449,3478011,74561233321313,8543708,0.780540
2450,3481127,74563211232332,7017149,0.665376
2451,3499033,74653213133222,8238861,0.785200
2452,3504218,75132463233233,8195987,0.775526
2453,3510033,75143263231313,9941956,0.884231
2454,3511808,75146321323331,9038809,0.800667
2455,3517796,75213642223133,7833375,0.706921
2456,3521638,75231463211123,11370296,0.975674
2457,3522731,75234161322233,7026201,0.764256
2458,3522879,75234162221111,9288783,0.828078
2459,3524576,75236143213232,6548723,0.624278
2460,3526540,75241632222323,8044186,0.742497
2461,3527233,75243162211322,13704354,1.150633
2462,3527654,75243611113232,7250541,0.684130
2463,3528221,75243613213232,6317995,0.600978
2464,3528600,75246131333312,8879066,0.815887
2465,3529089,75246311111111,16840002,1.380610
2466,3529671,75246313212311,7485378,0.702582
2467,3529749,75246313312211,7267471,0.692587
2468,3529808,75246313332332,7270740,0.702523
2469,3530840,75261432123233,8292580,0.765364
2470,3533009,75264132121232,8619128,0.771232
2471,3533111,75264132223331,6743793,0.658393
2472,3533169,75264132321212,9061979,0.832788
2473,3533255,75264133121333,7287201,0.674442
2474,3533439,75264133331213,7387383,0.674479
2475,3533590,75264311223122,7866768,0.731179
2476,3534084,75264313231112,9035503,0.794276
2477,3534914,75312463333133,9293114,0.833630
2478,3536455,75314621133221,5895056,0.573451
2479,3536562,75314621313212,12852591,1.137098
2480,3536884,75314623113122,6627512,0.735462
2481,3537248,75316241231231,9271938,0.805098
2482,3538728,75321461311112,7212452,0.676968
2483,3539116,75321463132121,6526288,0.624979
2484,3546173,75346122133133,8282462,0.787195
2485,3546658,75346211133122,6912837,0.671057
2486,3546672,75346211211311,8779853,0.800784
2487,3546750,75346211311211,6520334,0.618252
2488,3547043,75346212323333,8332060,0.852037
2489,3547082,75346213112132,6240792,0.586869
2490,3547135,75346213132121,6518869,0.617932
2491,3547141,75346213132322,6581247,0.629807
2492,3547297,75346213332122,6982263,0.660175
2493,3552551,75412631223332,6023596,0.583926
2494,3555966,75416323232213,8069361,0.856655
2495,3560997,75431263133213,9215418,1.014175
2496,3566559,75462132123212,12167966,1.060488
2497,3571190,75613243131332,9318836,0.836813
2498,3571203,75613243133213,7578794,0.714874
2499,3581542,75634123323122,7255350,0.684461
2500,3583665,75641323232111,6871306,0.666774
2501,3584112,75642132213311,6648482,0.624009
2502,3587326,76123453233323,7106159,0.670662
2503,3590318,76125343333133,9413532,0.849300
2504,3597189,76143252131312,7828664,0.707427
2505,3597241,76143252221222,7961101,0.734549
2506,3597429,76143253131212,8060479,0.740159
2507,3597596,76143253331333,7463839,0.704816
2508,3597612,76143253333313,10469117,0.923830
2509,3598371,76145231121113,6634534,0.631524
2510,3598380,76145231122112,11493871,1.015940
2511,3598398,76145231131112,7172177,0.672460
2512,3598452,76145231221112,11473101,1.126985
2513,3598514,76145231311331,6461670,0.630961
2514,3598640,76145232123332,6933617,0.648443
2515,3598743,76145232233213,8574070,0.775741
2516,3598809,76145232331313,6668733,0.654504
2517,3598815,76145232332213,8868444,0.813033
2518,3598905,76145233133213,7084902,0.670054
2519,3598982,76145233232333,6732927,0.660641
2520,3604167,76154323333112,8222270,1.086053
2521,3605492,76213543213133,8490985,0.975684
2522,3605561,76213543311332,7964866,1.024504
2523,3607232,76215341231231,7646812,0.962994
2524,3608543,76215433333133,9063170,1.089619
2525,3608595,76231451123111,7257962,0.889089
2526,3616598,76245311121131,7045546,0.888756
2527,3616624,76245311131121,6343844,0.807056
2528,3616674,76245311213312,6709854,0.868010
2529,3616877,76245312132131,6849140,0.723754
2530,3617092,76245313122122,6668507,0.636474
2531,3617101,76245313123121,6713251,0.636376
2532,3618803,76253141123132,6215299,0.632155
2533,3618845,76253141211332,6095356,0.602170
2534,3620175,76253413322312,8370455,0.773675
2535,3620869,76254133311323,13413911,1.171910
2536,3621510,76254313211111,11930533,1.083215
2537,3622005,76312452212111,12400757,1.079935
2538,3622239,76312453211111,7255241,0.673356
2539,3622326,76312453311311,7977124,0.736903
2540,3622836,76312542321212,7788948,0.720580
2541,3622843,76312542322121,7299688,0.765788
2542,3623089,76312543322222,9672748,0.868742
2543,3624597,76315241112113,7634591,0.694537
2544,3624606,76315241113112,6540536,0.609910
2545,3624714,76315241223113,6372847,0.611516
2546,3624787,76315241322122,6747233,0.643090
2547,3624801,76315241323313,7110650,0.663989
2548,3624813,76315241332112,6509335,0.730827
2549,3625160,76315243211231,6187715,0.587849
2550,3625288,76315243323323,7443396,0.707587
2551,3626326,76321452122123,10613313,0.950707
2552,3626332,76321452122321,10824496,0.987214
2553,3626333,76321452122333,10611359,0.955831
2554,3626341,76321452123323,12308547,1.107852
2555,3626384,76321452212231,10274584,0.889648
2556,3626389,76321452213122,10794988,0.925207
2557,3626687,76321453233131,11283822,0.965193
2558,3626699,76321453311233,12890124,1.097796
2559,3626718,76321453313312,12113289,1.150207
2560,3626723,76321453321133,10756572,0.968138
2561,3626745,76321453323311,12351775,1.075546
2562,3627099,76321542211112,10279387,0.893899
2563,3627342,76321543211111,6906451,0.640534
2564,3627425,76321543311131,7629534,0.719944
2565,3627518,76324151112233,7085117,0.645931
2566,3627520,76324151112323,8569431,0.778455
2567,3628198,76324153323122,7003580,0.644676
2568,3629694,76325411111213,7331538,0.677621
2569,3629697,76325411111312,9047442,0.813454
2570,3629702,76325411112131,6697819,0.619035
2571,3629710,76325411113121,7346585,0.679932
2572,3629728,76325411122121,7254652,0.661368
2573,3629913,76325411331311,7815467,0.815624
2574,3629944,76325412112121,9110252,0.818580
2575,3630072,76325412231212,7831147,0.740626
2576,3630173,76325412333233,7785544,0.732052
2577,3630298,76325413222223,7207304,0.675014
2578,3630423,76341251111213,7153687,0.684398
2579,3630426,76341251111312,8918830,0.803319
2580,3630431,76341251112131,7877314,0.834806
2581,3630439,76341251113121,7220331,0.787533
2582,3630529,76341251221121,7566413,0.818507
2583,3630588,76341251311313,7252010,0.806089
2584,3630813,76341252232313,7079691,0.771673
2585,3630878,76341252323333,7764493,0.780126
2586,3631017,76341253221212,7988159,0.830076
2587,3631061,76341253233131,6429327,0.693660
2588,3632612,76342511111231,6055737,0.638933
2589,3632614,76342511111321,7791499,0.797901
2590,3632814,76342511323112,6401591,0.680952
2591,3632998,76342512232223,7676827,0.740656
2592,3633192,76342513213112,9319751,0.885652
2593,3633291,76342513322111,9703266,0.909181
2594,3633301,76342513323122,6774977,0.722188
2595,3633303,76342513323212,7303048,0.955813
2596,3633660,76345122211112,9978143,1.243802
2597,3633661,76345122211121,7997126,0.950852
2598,3633684,76345122213311,6677333,0.835643
2599,3633741,76345122311111,8067548,1.098712
2600,3633903,76345123211111,6806770,0.833492
2601,3633984,76345123311113,7865165,0.901054
2602,3633986,76345123311131,7508936,0.775189
2603,3633996,76345123312211,6400109,0.669546
2604,3635539,76351421112323,9241177,0.904144
2605,3635548,76351421113322,6871994,0.785525
2606,3636203,76351423321232,7261392,0.718425
2607,3637740,76354121121212,8497065,0.833163
2608,3637747,76354121122121,7131789,0.719655
2609,3637878,76354121311313,7271375,0.736581
2610,3637892,76354121313131,8013661,0.780149
2611,3637956,76354122111212,9317275,0.930527
2612,3637963,76354122112121,7750129,0.753286
2613,3638047,76354122212222,7395427,0.764014
2614,3638278,76354123211123,7922913,0.764147
2615,3638279,76354123211132,6882915,0.681935
2616,3638384,76354123313333,8084005,0.790452
2617,3638788,76354212213323,7354388,0.845056
2618,3638858,76354212312233,7562856,0.746814
2619,3638869,76354212313322,8054208,0.792428
2620,3638924,76354212333332,7404514,0.768336
2621,3639046,76354213222223,7263046,0.763177
2622,3639100,76354213312223,6813987,0.735829
2623,3643597,76421351131121,5883324,0.660503
2624,3657255,76512343213313,11790072,1.223862
2625,3657381,76512343332311,11761157,1.128980
2626,3660325,76514321112323,7881311,0.832138
2627,3660453,76514321232113,7264912,0.765035
2628,3662405,76521433232333,7028973,0.738662
2629,3663842,76523413223231,7397565,0.797228
2630,3665389,76524313331222,9145503,0.886047
2631,3670086,76541232131213,12083544,1.246362
2632,3670141,76541232221222,7429829,0.781723
2633,3670302,76541233121213,7662135,0.817454
2634,3670496,76541233331333,8250481,0.931589
2635,3670512,76541233333313,9328001,0.966043
2636,3673431,76543211111111,15845821,1.493082
2637,3673521,76543211212112,8134765,0.818646
2638,3673561,76543211223221,6600517,0.671149
2639,3673664,76543211332331,6591052,0.658734
2640,3673673,76543211333333,7288932,0.747175
2641,3673744,76543212132323,7267004,0.770881
2642,3673795,76543212222221,6974754,0.784236
2643,3673884,76543212323213,7168150,0.719023
2644,3673937,76543213113131,7214925,0.731847
